Jump,Date,Exit,Open,Delay,Total,Vmax,Vavg,Fallrate,Profile,Place,Aircraft,Type
1,2018-06-30,"13,500",0,60.0,0:01:00,0.0,0.0,Manual,,Spaceland Dallas,Otter,Tandem
2,2018-07-01,"13,500",0,60.0,0:02:00,0.0,0.0,Manual,,Spaceland Dallas,Supervan,Tandem
3,2018-07-22,"13,500",0,60.0,0:03:00,0.0,0.0,Manual,,Spaceland Dallas,Otter,STP
4,2018-07-22,"13,500",0,60.0,0:04:00,0.0,0.0,Manual,,Spaceland Dallas,Supervan,STP
5,2018-07-27,"13,500",0,60.0,0:05:00,0.0,0.0,Manual,,Spaceland Dallas,Supervan,STP
6,2018-07-27,"13,500",0,60.0,0:16:00,0.0,0.0,Manual,,Spaceland Dallas,Supervan,STP
7,2018-07-27,"13,500",0,60.0,0:17:00,0.0,0.0,Manual,,Spaceland Dallas,Supervan,STP
8,2018-07-27,"13,500",0,60.0,0:18:00,0.0,0.0,Manual,,Spaceland Dallas,Supervan,STP
9,2018-07-28,"13,500",0,60.0,0:19:00,0.0,0.0,Manual,,Spaceland Dallas,Otter,STP
10,2018-07-28,"13,500",0,60.0,0:10:00,0.0,0.0,Manual,,Spaceland Dallas,Otter,STP
11,2018-07-28,"13,500",0,60.0,0:11:00,0.0,0.0,Manual,,Spaceland Dallas,Supervan,STP
12,2018-08-16,"13,500",0,60.0,0:12:00,0.0,0.0,Manual,,Spaceland Dallas,Supervan,STP
13,2018-08-16,"13,500",0,60.0,0:13:00,0.0,0.0,Manual,,Spaceland Dallas,Supervan,STP
14,2018-08-16,"13,500",0,60.0,0:14:00,0.0,0.0,Manual,,Spaceland Dallas,Supervan,STP
15,2018-08-16,"13,500",0,60.0,0:25:00,0.0,0.0,Manual,,Spaceland Dallas,Supervan,STP
16,2018-08-25,"13,500",0,60.0,0:26:00,0.0,0.0,Manual,,Spaceland Dallas,Supervan,STP
17,2018-08-25,"13,500",0,60.0,0:27:00,0.0,0.0,Manual,,Spaceland Dallas,Supervan,STP
18,2018-08-25,"13,500",0,60.0,0:28:00,0.0,0.0,Manual,,Spaceland Dallas,Supervan,STP
19,2018-08-31,"6,500",0,15.0,0:28:25,0.0,0.0,Manual,,Spaceland Dallas,Supervan,HNP
20,2018-08-31,"13,500",0,60.0,0:29:25,0.0,0.0,Manual,,Spaceland Dallas,Supervan,STP
21,2018-08-31,"13,500",0,60.0,0:20:25,0.0,0.0,Manual,,Spaceland Dallas,Supervan,STP
22,2018-08-31,"13,500",0,60.0,0:21:25,0.0,0.0,Manual,,Spaceland Dallas,Supervan,STP
23,2018-08-31,"13,500",0,60.0,0:22:25,0.0,0.0,Manual,,Spaceland Dallas,Supervan,STP
24,2018-09-01,"13,500",0,60.0,0:23:25,0.0,0.0,Manual,,Spaceland Dallas,Otter,STP
25,2018-09-01,"13,500",0,60.0,0:24:25,0.0,0.0,Manual,,Spaceland Dallas,Otter,STP
26,2018-09-01,"13,500",0,60.0,0:35:25,0.0,0.0,Manual,,Spaceland Dallas,Supervan,STP
27,2018-09-14,"13,500",0,60.0,0:36:25,0.0,0.0,Manual,,Spaceland Dallas,Supervan,STP
28,2018-09-14,"13,500",0,60.0,0:37:25,0.0,0.0,Manual,,Spaceland Dallas,Supervan,BELLY
29,2018-09-14,"6,500",0,15.0,0:38:30,0.0,0.0,Manual,,Spaceland Dallas,Supervan,HNP
30,2018-09-14,"6,500",0,15.0,0:38:45,0.0,0.0,Manual,,Spaceland Dallas,Supervan,HNP
31,2018-10-27,"6,500",0,15.0,0:38:00,0.0,0.0,Manual,,Spaceland Dallas,Supervan,HNP
32,2018-10-27,"6,500",0,15.0,0:38:25,0.0,0.0,Manual,,Spaceland Dallas,Supervan,HNP
33,2018-10-27,"13,500",0,60.0,0:39:25,0.0,0.0,Manual,,Spaceland Dallas,Supervan,BELLY
34,2018-10-27,"13,500",0,60.0,1:30:25,0.0,0.0,Manual,,Spaceland Dallas,Otter,BELLY
35,2018-11-17,"13,500",0,60.0,1:31:25,0.0,0.0,Manual,,Spaceland Dallas,Supervan,BELLY
36,2018-11-17,"13,500",0,60.0,1:32:25,0.0,0.0,Manual,,Spaceland Dallas,Supervan,BELLY
37,2018-11-17,"13,500",0,60.0,1:33:25,0.0,0.0,Manual,,Spaceland Dallas,Supervan,BELLY
38,2018-11-20,"6,500",0,15.0,1:34:30,0.0,0.0,Manual,,Spaceland Dallas,Supervan,HNP
39,2018-11-20,"13,500",0,60.0,1:34:30,0.0,0.0,Manual,,Spaceland Dallas,Supervan,BELLY
40,2018-11-20,"6,500",0,15.0,1:35:45,0.0,0.0,Manual,,Spaceland Dallas,Supervan,HNP
41,2018-11-21,"6,500",0,15.0,1:45:00,0.0,0.0,Manual,,Spaceland Dallas,Supervan,HNP
42,2018-11-24,"6,500",0,15.0,1:45:25,0.0,0.0,Manual,,Spaceland Dallas,Supervan,HNP
43,2018-11-24,"13,500",0,60.0,1:46:25,0.0,0.0,Manual,,Spaceland Dallas,Supervan,BELLY
44,2018-12-02,"6,500",0,15.0,1:46:30,0.0,0.0,Manual,,Spaceland Dallas,Supervan,HNP
45,2018-12-02,"6,500",0,15.0,1:47:45,0.0,0.0,Manual,,Spaceland Dallas,Otter,HNP
46,2018-12-02,"6,500",0,15.0,1:47:00,0.0,0.0,Manual,,Spaceland Dallas,Otter,HNP
47,2018-12-02,"6,500",0,15.0,1:47:25,0.0,0.0,Manual,,Spaceland Dallas,Otter,HNP
48,2018-12-16,"6,500",0,15.0,1:48:30,0.0,0.0,Manual,,Spaceland Dallas,Supervan,HNP
49,2018-12-16,"6,500",0,15.0,1:48:45,0.0,0.0,Manual,,Spaceland Dallas,Supervan,HNP
50,2019-02-24,"13,500",0,60.0,1:49:45,0.0,0.0,Manual,,Spaceland Dallas,Supervan,BELLY
51,2019-02-24,"13,500",0,60.0,1:410:45,0.0,0.0,Manual,,Spaceland Dallas,Supervan,BELLY
52,2019-02-24,"6,500",0,15.0,1:40:00,0.0,0.0,Manual,,Spaceland Dallas,Supervan,HNP
53,2019-02-24,"13,500",0,60.0,1:41:00,0.0,0.0,Manual,,Spaceland Dallas,Supervan,BELLY
54,2019-03-15,"13,500",0,60.0,1:42:00,0.0,0.0,Manual,,Spaceland Dallas,Supervan,BELLY
55,2019-03-16,"6,500",0,15.0,1:42:25,0.0,0.0,Manual,,Spaceland Dallas,Supervan,HNP
56,2019-03-16,"13,500",0,60.0,1:43:25,0.0,0.0,Manual,,Spaceland Dallas,Supervan,BELLY
57,2019-03-16,"6,500",0,15.0,1:44:30,0.0,0.0,Manual,,Spaceland Dallas,Supervan,HNP
58,2019-03-16,"13,500",0,60.0,1:44:30,0.0,0.0,Manual,,Spaceland Dallas,Otter,BELLY
59,2019-03-16,"6,500",0,15.0,1:45:45,0.0,0.0,Manual,,Spaceland Dallas,Otter,HNP
60,2019-04-09,"6,500",0,15.0,1:45:00,0.0,0.0,Manual,,Spaceland Dallas,Supervan,HNP
61,2019-04-09,"6,500",0,15.0,1:55:25,0.0,0.0,Manual,,Spaceland Dallas,Supervan,HNP
62,2019-04-09,"13,500",0,60.0,1:56:25,0.0,0.0,Manual,,Spaceland Dallas,Supervan,BELLY
63,2019-04-12,"6,500",0,15.0,1:56:30,0.0,0.0,Manual,,Spaceland Dallas,Supervan,HNP
64,2019-04-12,"6,500",0,15.0,1:57:45,0.0,0.0,Manual,,Spaceland Dallas,Supervan,HNP
65,2019-07-03,"13,500",0,60.0,1:58:45,0.0,0.0,Manual,,Deland,PAC750xl,BELLY
66,2019-07-03,"13,500",0,60.0,1:59:45,0.0,0.0,Manual,,Deland,PAC750xl,BELLY
67,2019-07-03,"13,500",0,60.0,1:510:45,0.0,0.0,Manual,,Deland,PAC750xl,BELLY
68,2019-07-13,"13,500",0,60.0,1:51:45,0.0,0.0,Manual,,Spaceland Dallas,Supervan,BELLY
69,2019-07-28,"6,500",0,15.0,1:51:00,0.0,0.0,Manual,,Spaceland Dallas,Otter,HNP
70,2019-07-28,"6,500",0,15.0,1:51:25,0.0,0.0,Manual,,Spaceland Dallas,Otter,HNP
71,2019-07-28,"6,500",0,15.0,1:52:30,0.0,0.0,Manual,,Spaceland Dallas,Otter,HNP
72,2019-07-28,"6,500",0,15.0,1:52:45,0.0,0.0,Manual,,Spaceland Dallas,Supervan,HNP
73,2019-07-28,"6,500",0,15.0,1:52:00,0.0,0.0,Manual,,Spaceland Dallas,Supervan,HNP
74,2019-08-17,"13,500",0,60.0,1:53:00,0.0,0.0,Manual,,Spaceland Dallas,Supervan,BELLY
75,2019-08-17,"13,500",0,60.0,1:54:00,0.0,0.0,Manual,,Spaceland Dallas,Otter,BELLY
76,2019-08-23,"13,500",0,60.0,1:65:00,0.0,0.0,Manual,,Spaceland Dallas,CASA,BELLY
77,2019-08-23,"13,500",0,60.0,1:66:00,0.0,0.0,Manual,,Spaceland Dallas,CASA,BELLY
78,2019-08-23,"13,500",0,60.0,1:67:00,0.0,0.0,Manual,,Spaceland Dallas,CASA,BELLY
79,2019-08-24,"13,500",0,60.0,1:68:00,0.0,0.0,Manual,,Spaceland Dallas,CASA,BELLY
80,2019-08-24,"13,500",0,60.0,1:69:00,0.0,0.0,Manual,,Spaceland Dallas,CASA,BELLY
81,2019-08-24,"13,500",0,60.0,1:00:00,0.0,0.0,Manual,,Spaceland Dallas,Supervan,BELLY
82,2019-10-13,"13,500",0,60.0,1:01:00,0.0,0.0,Manual,,Spaceland Dallas,Supervan,BELLY
83,2019-10-19,"13,500",0,60.0,1:02:00,0.0,0.0,Manual,,Spaceland Dallas,Supervan,BELLY
84,2019-10-19,"13,500",0,60.0,1:03:00,0.0,0.0,Manual,,Spaceland Dallas,Supervan,BELLY
85,2019-10-19,"13,500",0,60.0,1:04:00,0.0,0.0,Manual,,Spaceland Dallas,Supervan,BELLY
86,2019-10-19,"13,500",0,60.0,1:05:00,0.0,0.0,Manual,,Spaceland Dallas,Supervan,TRACK
87,2019-10-20,"13,500",0,60.0,1:16:00,0.0,0.0,Manual,,Spaceland Dallas,Supervan,TRACK
88,2019-10-26,"13,500",0,60.0,1:17:00,0.0,0.0,Manual,,Spaceland Dallas,Otter,TRACK
89,2019-10-26,"13,500",0,60.0,1:18:00,0.0,0.0,Manual,,Spaceland Dallas,Otter,TRACK
90,2019-10-26,"13,500",0,60.0,1:19:00,0.0,0.0,Manual,,Spaceland Dallas,Otter,TRACK
91,2019-10-27,"13,500",0,60.0,1:10:00,0.0,0.0,Manual,,Spaceland Dallas,Supervan,BELLY
92,2019-10-27,"13,500",0,60.0,1:11:00,0.0,0.0,Manual,,Spaceland Dallas,Supervan,BELLY
93,2019-11-02,"13,500",0,60.0,1:12:00,0.0,0.0,Manual,,Spaceland Dallas,Supervan,BELLY
94,2019-11-02,"13,500",0,60.0,1:13:00,0.0,0.0,Manual,,Spaceland Dallas,Supervan,BELLY
95,2019-11-02,"13,500",0,60.0,1:14:00,0.0,0.0,Manual,,Spaceland Dallas,Supervan,BELLY
96,2019-11-02,"13,500",0,60.0,1:25:00,0.0,0.0,Manual,,Spaceland Dallas,Supervan,BELLY
97,2019-11-02,"13,500",0,60.0,1:26:00,0.0,0.0,Manual,,Spaceland Dallas,Supervan,BELLY
98,2019-11-02,"13,500",0,60.0,1:27:00,0.0,0.0,Manual,,Spaceland Dallas,Supervan,BELLY
99,2019-11-02,"13,500",0,60.0,1:28:00,0.0,0.0,Manual,,Spaceland Dallas,Supervan,BELLY
100,2019-11-10,"13,500",0,60.0,1:29:00,0.0,0.0,Manual,,Spaceland Dallas,Supervan,BELLY
101,2019-11-10,"13,500",0,60.0,1:20:00,0.0,0.0,Manual,,Spaceland Dallas,Supervan,BELLY
102,2019-11-10,"13,500",0,60.0,1:21:00,0.0,0.0,Manual,,Spaceland Dallas,Supervan,BELLY
103,2019-11-10,"13,500",0,60.0,1:22:00,0.0,0.0,Manual,,Spaceland Dallas,Supervan,TRACK
104,2019-11-23,"6,500",0,15.0,1:22:25,0.0,0.0,Manual,,Spaceland Dallas,Supervan,HNP
105,2019-11-24,"13,500",0,60.0,1:23:25,0.0,0.0,Manual,,Spaceland Dallas,Supervan,TRACK
106,2019-11-24,"13,500",0,60.0,1:24:25,0.0,0.0,Manual,,Spaceland Dallas,Supervan,TRACK
107,2019-11-24,"13,500",0,60.0,1:35:25,0.0,0.0,Manual,,Spaceland Dallas,Supervan,TRACK
108,2019-11-24,"13,500",0,60.0,1:36:25,0.0,0.0,Manual,,Spaceland Dallas,Supervan,TRACK
109,2019-11-24,"13,500",0,60.0,1:37:25,0.0,0.0,Manual,,Spaceland Dallas,Supervan,BELLY
110,2019-11-24,"13,500",0,60.0,1:38:25,0.0,0.0,Manual,,Spaceland Dallas,Supervan,BELLY
111,2019-11-27,"13,500",0,60.0,1:39:25,0.0,0.0,Manual,,Spaceland Dallas,Supervan,BELLY
112,2019-12-22,"13,500",0,60.0,2:30:25,0.0,0.0,Manual,,Spaceland Dallas,Supervan,BELLY
113,2019-12-22,"13,500",0,60.0,2:31:25,0.0,0.0,Manual,,Spaceland Dallas,Supervan,BELLY
114,2019-12-22,"13,500",0,60.0,2:32:25,0.0,0.0,Manual,,Spaceland Dallas,Supervan,BELLY
115,2019-12-22,"13,500",0,60.0,2:33:25,0.0,0.0,Manual,,Spaceland Dallas,Supervan,BELLY
116,2019-12-23,"13,500",0,60.0,2:34:25,0.0,0.0,Manual,,Spaceland Dallas,Supervan,TRACK
117,2019-12-23,"13,500",0,60.0,2:45:25,0.0,0.0,Manual,,Spaceland Dallas,Supervan,TRACK
118,2019-12-23,"13,500",0,60.0,2:46:25,0.0,0.0,Manual,,Spaceland Dallas,Supervan,TRACK
119,2019-12-23,"13,500",0,60.0,2:47:25,0.0,0.0,Manual,,Spaceland Dallas,Supervan,TRACK
120,2020-02-29,"6,500",0,15.0,2:48:30,0.0,0.0,Manual,,Spaceland Dallas,Supervan,HNP
121,2020-02-29,"13,500",0,60.0,2:48:30,0.0,0.0,Manual,,Spaceland Dallas,Otter,BELLY
122,2020-02-29,"13,500",0,60.0,2:410:30,0.0,0.0,Manual,,Spaceland Dallas,Supervan,BELLY
123,2020-02-29,"13,500",0,60.0,2:40:30,0.0,0.0,Manual,,Spaceland Dallas,Supervan,BELLY
124,2020-03-07,"13,500",0,60.0,2:42:30,0.0,0.0,Manual,,Spaceland Dallas,Supervan,TRACK
125,2020-03-07,"13,500",0,60.0,2:42:30,0.0,0.0,Manual,,Spaceland Dallas,Supervan,TRACK
126,2020-03-07,"13,500",0,60.0,2:44:30,0.0,0.0,Manual,,Spaceland Dallas,Otter,TRACK
127,2020-03-07,"13,500",0,60.0,2:44:30,0.0,0.0,Manual,,Spaceland Dallas,Otter,TRACK
128,2020-03-07,"13,500",0,60.0,2:56:30,0.0,0.0,Manual,,Spaceland Dallas,Otter,TRACK
129,2020-03-15,"13,500",0,60.0,2:56:30,0.0,0.0,Manual,,Deland,Otter,BELLY
130,2020-03-15,"13,500",0,60.0,2:58:30,0.0,0.0,Manual,,Deland,Otter,BELLY
131,2020-05-31,"13,500",0,60.0,2:58:30,0.0,0.0,Manual,,Spaceland Dallas,Supervan,TRACK
132,2020-05-31,"13,500",0,60.0,2:510:30,0.0,0.0,Manual,,Spaceland Dallas,Supervan,TRACK
133,2020-05-31,"13,500",0,60.0,2:50:30,0.0,0.0,Manual,,Spaceland Dallas,Supervan,TRACK
134,2020-06-06,"13,500",0,60.0,2:52:30,0.0,0.0,Manual,,Spaceland Dallas,Supervan,TRACK
135,2020-06-06,"13,500",0,60.0,2:52:30,0.0,0.0,Manual,,Spaceland Dallas,Otter,TRACK
136,2020-06-06,"13,500",0,60.0,2:54:30,0.0,0.0,Manual,,Spaceland Dallas,Otter,TRACK
137,2020-06-13,"13,500",0,60.0,2:54:30,0.0,0.0,Manual,,Spaceland Dallas,Supervan,TRACK
138,2020-06-13,"13,500",0,60.0,2:66:30,0.0,0.0,Manual,,Spaceland Dallas,Supervan,TRACK
139,2020-06-13,"13,500",0,60.0,2:66:30,0.0,0.0,Manual,,Spaceland Dallas,Otter,TRACK
140,2020-06-13,"13,500",0,60.0,2:68:30,0.0,0.0,Manual,,Spaceland Dallas,Otter,TRACK
141,2020-07-03,"13,500",0,60.0,2:68:30,0.0,0.0,Manual,,Spaceland Dallas,Otter,TRACK
142,2020-07-03,"13,500",0,60.0,2:610:30,0.0,0.0,Manual,,Spaceland Dallas,Otter,TRACK
143,2020-07-03,"13,500",0,60.0,2:00:30,0.0,0.0,Manual,,Spaceland Dallas,Otter,SPEEDSTAR
144,2020-07-04,"13,500",0,60.0,2:02:30,0.0,0.0,Manual,,Spaceland Dallas,Supervan,SPEEDSTAR
145,2020-07-04,"13,500",0,60.0,2:02:30,0.0,0.0,Manual,,Spaceland Dallas,Otter,TRACK
146,2020-07-04,"13,500",0,60.0,2:04:30,0.0,0.0,Manual,,Spaceland Dallas,Otter,TRACK
147,2020-07-04,"13,500",0,60.0,2:04:30,0.0,0.0,Manual,,Spaceland Dallas,Supervan,TRACK
148,2020-07-04,"13,500",0,60.0,2:16:30,0.0,0.0,Manual,,Spaceland Dallas,Supervan,TRACK
149,2020-07-04,"13,500",0,60.0,2:16:30,0.0,0.0,Manual,,Spaceland Dallas,Otter,TRACK
150,2020-07-04,"13,500",0,60.0,2:18:30,0.0,0.0,Manual,,Spaceland Dallas,Otter,TRACK
151,2020-07-04,"6,500",0,15.0,2:18:45,0.0,0.0,Manual,,Spaceland Dallas,Supervan,HNP
152,2020-07-05,"13,500",0,60.0,2:19:45,0.0,0.0,Manual,,Spaceland Dallas,Supervan,SPEEDSTAR
153,2020-07-05,"13,500",0,60.0,2:110:45,0.0,0.0,Manual,,Spaceland Dallas,Supervan,SPEEDSTAR
154,2020-07-05,"13,500",0,60.0,2:11:45,0.0,0.0,Manual,,Spaceland Dallas,Otter,SPEEDSTAR
155,2020-07-05,"13,500",0,60.0,2:12:45,0.0,0.0,Manual,,Spaceland Dallas,Otter,TRACK
156,2020-07-05,"13,500",0,60.0,2:13:45,0.0,0.0,Manual,,Spaceland Dallas,Otter,TRACK
157,2020-07-05,"13,500",0,60.0,2:14:45,0.0,0.0,Manual,,Spaceland Dallas,Supervan,TRACK
158,2020-07-11,"6,500",0,15.0,2:14:00,0.0,0.0,Manual,,Spaceland Dallas,Supervan,HNP
159,2020-07-11,"6,500",0,15.0,2:14:25,0.0,0.0,Manual,,Spaceland Dallas,Supervan,HNP
160,2020-07-11,"6,500",0,15.0,2:14:30,0.0,0.0,Manual,,Spaceland Dallas,Supervan,HNP
161,2020-07-11,"13,500",0,60.0,2:26:30,0.0,0.0,Manual,,Spaceland Dallas,Supervan,TRACK
162,2020-07-11,"13,500",0,60.0,2:26:30,0.0,0.0,Manual,,Spaceland Dallas,Supervan,TRACK
163,2020-07-11,"13,500",0,60.0,2:28:30,0.0,0.0,Manual,,Spaceland Dallas,Otter,TRACK
164,2020-07-11,"13,500",0,60.0,2:28:30,0.0,0.0,Manual,,Spaceland Dallas,Supervan,TRACK
165,2020-07-11,"6,500",0,15.0,2:29:45,0.0,0.0,Manual,,Spaceland Dallas,Supervan,HNP
166,2020-07-18,"13,500",0,60.0,2:210:45,0.0,0.0,Manual,,Spaceland Dallas,Supervan,TRACK
167,2020-07-18,"13,500",0,60.0,2:21:45,0.0,0.0,Manual,,Spaceland Dallas,Supervan,TRACK
168,2020-07-18,"13,500",0,60.0,2:22:45,0.0,0.0,Manual,,Spaceland Dallas,Otter,TRACK
169,2020-07-18,"13,500",0,60.0,2:23:45,0.0,0.0,Manual,,Spaceland Dallas,Otter,TRACK
170,2020-07-18,"13,500",0,60.0,2:24:45,0.0,0.0,Manual,,Spaceland Dallas,Supervan,TRACK
171,2020-07-25,"6,500",0,15.0,2:24:00,0.0,0.0,Manual,,Spaceland Dallas,Otter,HNP
172,2020-07-25,"6,500",0,15.0,2:24:25,0.0,0.0,Manual,,Spaceland Dallas,Supervan,HNP
173,2020-07-25,"6,500",0,15.0,2:24:30,0.0,0.0,Manual,,Spaceland Dallas,Otter,HNP
174,2020-07-25,"13,500",0,60.0,2:36:30,0.0,0.0,Manual,,Spaceland Dallas,Otter,TRACK
175,2020-08-01,"13,500",0,60.0,2:36:30,0.0,0.0,Manual,,Spaceland Dallas,Supervan,TRACK
176,2020-08-01,"13,500",0,60.0,2:38:30,0.0,0.0,Manual,,Spaceland Dallas,Supervan,TRACK
177,2020-08-01,"13,500",0,60.0,2:38:30,0.0,0.0,Manual,,Spaceland Dallas,Supervan,TRACK
178,2020-08-01,"13,500",0,60.0,2:310:30,0.0,0.0,Manual,,Spaceland Dallas,Otter,TRACK
179,2020-08-01,"13,500",0,60.0,3:30:30,0.0,0.0,Manual,,Spaceland Dallas,Otter,TRACK
180,2020-08-01,"13,500",0,60.0,3:32:30,0.0,0.0,Manual,,Spaceland Dallas,Otter,TRACK
181,2020-08-01,"13,500",0,60.0,3:32:30,0.0,0.0,Manual,,Spaceland Dallas,Otter,TRACK
182,2020-08-08,"13,500",0,60.0,3:34:30,0.0,0.0,Manual,,Spaceland Dallas,Supervan,TRACK
183,2020-08-08,"13,500",0,60.0,3:34:30,0.0,0.0,Manual,,Spaceland Dallas,Supervan,BELLY
184,2020-08-08,"13,500",0,60.0,3:46:30,0.0,0.0,Manual,,Spaceland Dallas,Otter,TRACK
185,2020-08-08,"13,500",0,60.0,3:46:30,0.0,0.0,Manual,,Spaceland Dallas,Supervan,TRACK
186,2020-08-08,"13,500",0,60.0,3:48:30,0.0,0.0,Manual,,Spaceland Dallas,Otter,TRACK
187,2020-08-08,"13,500",0,60.0,3:48:30,0.0,0.0,Manual,,Spaceland Dallas,Otter,TRACK
188,2020-08-08,"13,500",0,60.0,3:410:30,0.0,0.0,Manual,,Spaceland Dallas,Supervan,TRACK
189,2020-08-09,"13,500",0,60.0,3:40:30,0.0,0.0,Manual,,Spaceland Dallas,Supervan,TRACK
190,2020-08-09,"13,500",0,60.0,3:42:30,0.0,0.0,Manual,,Spaceland Dallas,Supervan,TRACK
191,2020-08-09,"13,500",0,60.0,3:42:30,0.0,0.0,Manual,,Spaceland Dallas,Supervan,TRACK
192,2020-08-09,"13,500",0,60.0,3:44:30,0.0,0.0,Manual,,Spaceland Dallas,Otter,TRACK
193,2020-08-09,"13,500",0,60.0,3:44:30,0.0,0.0,Manual,,Spaceland Dallas,Otter,TRACK
194,2020-08-09,"13,500",0,60.0,3:56:30,0.0,0.0,Manual,,Spaceland Dallas,Supervan,TRACK
195,2020-08-09,"13,500",0,60.0,3:56:30,0.0,0.0,Manual,,Spaceland Dallas,Supervan,TRACK
196,2020-08-11,"13,500",0,60.0,3:58:30,0.0,0.0,Manual,,Spaceland Dallas,Supervan,TRACK
197,2020-08-15,"13,500",0,60.0,3:58:30,0.0,0.0,Manual,,Spaceland Dallas,Supervan,TRACK
198,2020-08-15,"13,500",0,60.0,3:510:30,0.0,0.0,Manual,,Spaceland Dallas,Otter,TRACK
199,2020-08-15,"13,500",0,60.0,3:50:30,0.0,0.0,Manual,,Spaceland Dallas,Otter,TRACK
200,2020-08-15,"13,500",0,60.0,3:52:30,0.0,0.0,Manual,,Spaceland Dallas,Otter,BELLY
201,2020-08-15,"13,500",0,60.0,3:52:30,0.0,0.0,Manual,,Spaceland Dallas,Supervan,BELLY
202,2020-08-15,"13,500",0,60.0,3:54:30,0.0,0.0,Manual,,Spaceland Dallas,Supervan,TRACK
203,2020-08-15,"13,500",0,60.0,3:54:30,0.0,0.0,Manual,,Spaceland Dallas,Otter,TRACK
204,2020-08-15,"13,500",0,60.0,3:66:30,0.0,0.0,Manual,,Spaceland Dallas,Otter,TRACK
205,2020-08-16,"13,500",0,60.0,3:66:30,0.0,0.0,Manual,,Spaceland Dallas,Supervan,TRACK
206,2020-08-16,"13,500",0,60.0,3:68:30,0.0,0.0,Manual,,Spaceland Dallas,Supervan,TRACK
207,2020-08-16,"13,500",0,60.0,3:68:30,0.0,0.0,Manual,,Spaceland Dallas,Supervan,TRACK
208,2020-08-16,"13,500",0,60.0,3:610:30,0.0,0.0,Manual,,Spaceland Dallas,Supervan,TRACK
209,2020-08-16,"13,500",0,60.0,3:00:30,0.0,0.0,Manual,,Spaceland Dallas,Supervan,TRACK
210,2020-08-16,"13,500",0,60.0,3:02:30,0.0,0.0,Manual,,Spaceland Dallas,Supervan,TRACK
211,2020-08-22,"6,500",0,15.0,3:02:45,0.0,0.0,Manual,,Spaceland Dallas,Otter,HNP
212,2020-08-22,"6,500",0,15.0,3:02:00,0.0,0.0,Manual,,Spaceland Dallas,Otter,HNP
213,2020-08-22,"13,500",0,60.0,3:03:00,0.0,0.0,Manual,,Spaceland Dallas,Otter,TRACK
214,2020-08-22,"13,500",0,60.0,3:04:00,0.0,0.0,Manual,,Spaceland Dallas,Otter,TRACK
215,2020-08-22,"13,500",0,60.0,3:05:00,0.0,0.0,Manual,,Spaceland Dallas,Otter,ANGLE
216,2020-08-22,"13,500",0,60.0,3:16:00,0.0,0.0,Manual,,Spaceland Dallas,Supervan,TRACK
217,2020-08-22,"13,500",0,60.0,3:17:00,0.0,0.0,Manual,,Spaceland Dallas,Supervan,ANGLE
218,2020-08-22,"13,500",0,60.0,3:18:00,0.0,0.0,Manual,,Spaceland Dallas,Supervan,TRACK
219,2020-08-23,"13,500",0,60.0,3:19:00,0.0,0.0,Manual,,Spaceland Dallas,Otter,TRACK
220,2020-08-23,"13,500",0,60.0,3:10:00,0.0,0.0,Manual,,Spaceland Dallas,Otter,TRACK
221,2020-08-23,"13,500",0,60.0,3:11:00,0.0,0.0,Manual,,Spaceland Dallas,Otter,TRACK
222,2020-08-23,"13,500",0,60.0,3:12:00,0.0,0.0,Manual,,Spaceland Dallas,Otter,TRACK
223,2020-08-23,"13,500",0,60.0,3:13:00,0.0,0.0,Manual,,Spaceland Dallas,Otter,TRACK
224,2020-08-23,"13,500",0,60.0,3:14:00,0.0,0.0,Manual,,Spaceland Dallas,Otter,TRACK
225,2020-08-23,"13,500",0,60.0,3:25:00,0.0,0.0,Manual,,Spaceland Dallas,Otter,TRACK
226,2020-08-23,"13,500",0,60.0,3:26:00,0.0,0.0,Manual,,Spaceland Dallas,Otter,TRACK
227,2020-08-23,"13,500",0,60.0,3:27:00,0.0,0.0,Manual,,Spaceland Dallas,Otter,TRACK
228,2020-08-29,"13,500",0,90.0,3:28:30,0.0,0.0,Manual,,Spaceland Dallas,Supervan,WS
229,2020-08-29,"13,500",0,90.0,3:20:00,0.0,0.0,Manual,,Spaceland Dallas,Supervan,WS
230,2020-08-29,"13,500",0,90.0,3:22:30,0.0,0.0,Manual,,Spaceland Dallas,Supervan,WS
231,2020-08-29,"13,500",0,60.0,3:22:30,0.0,0.0,Manual,,Spaceland Dallas,Supervan,TRACK
232,2020-08-29,"13,500",0,60.0,3:24:30,0.0,0.0,Manual,,Spaceland Dallas,Supervan,TRACK
233,2020-08-29,"13,500",0,60.0,3:24:30,0.0,0.0,Manual,,Spaceland Dallas,Otter,TRACK
234,2020-08-30,"13,500",0,60.0,3:36:30,0.0,0.0,Manual,,Spaceland Dallas,Supervan,TRACK
235,2020-08-30,"13,500",0,60.0,3:36:30,0.0,0.0,Manual,,Spaceland Dallas,Supervan,TRACK
236,2020-08-30,"13,500",0,60.0,3:38:30,0.0,0.0,Manual,,Spaceland Dallas,Supervan,TRACK
237,2020-08-30,"13,500",0,60.0,3:38:30,0.0,0.0,Manual,,Spaceland Dallas,Supervan,TRACK
238,2020-08-30,"13,500",0,60.0,3:310:30,0.0,0.0,Manual,,Spaceland Dallas,Supervan,TRACK
239,2020-09-05,"13,500",0,90.0,4:31:00,0.0,0.0,Manual,,Spaceland Dallas,Supervan,WS
240,2020-09-05,"13,500",0,90.0,4:32:30,0.0,0.0,Manual,,Spaceland Dallas,Supervan,WS
241,2020-09-05,"13,500",0,90.0,4:34:00,0.0,0.0,Manual,,Spaceland Dallas,Supervan,WS
242,2020-09-05,"13,500",0,90.0,4:46:30,0.0,0.0,Manual,,Spaceland Dallas,Supervan,WS
243,2020-09-05,"13,500",0,90.0,4:47:00,0.0,0.0,Manual,,Spaceland Dallas,Supervan,WS
244,2020-09-06,"13,500",0,60.0,4:48:00,0.0,0.0,Manual,,Spaceland Dallas,Otter,TRACK
245,2020-09-06,"13,500",0,60.0,4:49:00,0.0,0.0,Manual,,Spaceland Dallas,Supervan,TRACK
246,2020-09-06,"13,500",0,60.0,4:40:00,0.0,0.0,Manual,,Spaceland Dallas,Otter,TRACK
247,2020-09-06,"13,500",0,60.0,4:41:00,0.0,0.0,Manual,,Spaceland Dallas,Supervan,TRACK
248,2020-09-12,"13,500",0,60.0,4:42:00,0.0,0.0,Manual,,Spaceland Dallas,Supervan,TRACK
249,2020-09-12,"13,500",0,60.0,4:43:00,0.0,0.0,Manual,,Spaceland Dallas,Otter,TRACK
250,2020-09-12,"13,500",0,60.0,4:44:00,0.0,0.0,Manual,,Spaceland Dallas,Otter,TRACK
251,2020-09-12,"13,500",0,60.0,4:45:00,0.0,0.0,Manual,,Spaceland Dallas,Otter,TRACK
252,2020-09-12,"13,500",0,60.0,4:56:00,0.0,0.0,Manual,,Spaceland Dallas,Supervan,TRACK
253,2020-09-12,"13,500",0,60.0,4:57:00,0.0,0.0,Manual,,Spaceland Dallas,Otter,TRACK
254,2020-09-13,"13,500",0,60.0,4:58:00,0.0,0.0,Manual,,Spaceland Dallas,Supervan,TRACK
255,2020-09-13,"13,500",0,90.0,4:510:30,0.0,0.0,Manual,,Spaceland Dallas,Supervan,WS
256,2020-09-13,"13,500",0,90.0,4:51:00,0.0,0.0,Manual,,Spaceland Dallas,Supervan,WS
257,2020-09-13,"13,500",0,90.0,4:52:30,0.0,0.0,Manual,,Spaceland Dallas,Supervan,WS
258,2020-09-13,"13,500",0,60.0,4:54:30,0.0,0.0,Manual,,Spaceland Dallas,Supervan,TRACK
259,2020-09-13,"13,500",0,90.0,4:65:00,0.0,0.0,Manual,,Spaceland Dallas,Supervan,WS
260,2020-09-13,"13,500",0,60.0,4:66:00,0.0,0.0,Manual,,Spaceland Dallas,Supervan,TRACK
261,2020-09-13,"13,500",0,60.0,4:67:00,0.0,0.0,Manual,,Spaceland Dallas,Supervan,TRACK
262,2020-09-19,"13,500",0,90.0,4:68:30,0.0,0.0,Manual,,Spaceland Dallas,Supervan,WS
263,2020-09-19,"13,500",0,60.0,4:610:30,0.0,0.0,Manual,,Spaceland Dallas,Otter,TRACK
264,2020-09-19,"13,500",0,60.0,4:00:30,0.0,0.0,Manual,,Spaceland Dallas,Otter,TRACK
265,2020-09-19,"13,500",0,60.0,4:02:30,0.0,0.0,Manual,,Spaceland Dallas,Supervan,TRACK
266,2020-09-19,"13,500",0,60.0,4:02:30,0.0,0.0,Manual,,Spaceland Dallas,Supervan,TRACK
267,2020-09-19,"13,500",0,60.0,4:04:30,0.0,0.0,Manual,,Spaceland Dallas,Supervan,TRACK
268,2020-09-19,"13,500",0,90.0,4:05:00,0.0,0.0,Manual,,Spaceland Dallas,Otter,WS
269,2020-09-20,"13,500",0,60.0,4:16:00,0.0,0.0,Manual,,Spaceland Dallas,Supervan,TRACK
270,2020-09-20,"13,500",0,60.0,4:17:00,0.0,0.0,Manual,,Spaceland Dallas,Supervan,TRACK
271,2020-09-20,"13,500",0,90.0,4:18:30,0.0,0.0,Manual,,Spaceland Dallas,Supervan,WS
272,2020-09-20,"13,500",0,60.0,4:110:30,0.0,0.0,Manual,,Spaceland Dallas,Supervan,TRACK
273,2020-09-20,"13,500",0,60.0,4:10:30,0.0,0.0,Manual,,Spaceland Dallas,Supervan,TRACK
274,2020-09-26,"13,500",0,60.0,4:12:30,0.0,0.0,Manual,,Spaceland Dallas,Otter,TRACK
275,2020-09-26,"13,500",0,60.0,4:12:30,0.0,0.0,Manual,,Spaceland Dallas,Otter,TRACK
276,2020-09-26,"13,500",0,60.0,4:14:30,0.0,0.0,Manual,,Spaceland Dallas,Otter,TRACK
277,2020-09-26,"13,500",0,60.0,4:14:30,0.0,0.0,Manual,,Spaceland Dallas,Otter,TRACK
278,2020-09-26,"13,500",0,60.0,4:26:30,0.0,0.0,Manual,,Spaceland Dallas,Otter,TRACK
279,2020-09-26,"6,500",0,15.0,4:26:45,0.0,0.0,Manual,,Spaceland Dallas,Supervan,HNP
280,2020-09-26,"13,500",0,60.0,4:27:45,0.0,0.0,Manual,,Spaceland Dallas,Otter,TRACK
281,2020-09-26,"13,500",0,60.0,4:28:45,0.0,0.0,Manual,,Spaceland Dallas,Otter,TRACK
282,2020-09-26,"13,500",0,60.0,4:29:45,0.0,0.0,Manual,,Spaceland Dallas,Otter,TRACK
283,2020-10-04,"6,500",0,15.0,4:29:00,0.0,0.0,Manual,,Spaceland Dallas,Supervan,HNP
284,2020-10-04,"13,500",0,90.0,4:20:30,0.0,0.0,Manual,,Spaceland Dallas,Supervan,WS
285,2020-10-04,"13,500",0,90.0,4:22:00,0.0,0.0,Manual,,Spaceland Dallas,Supervan,WS
286,2020-10-04,"13,500",0,90.0,4:24:30,0.0,0.0,Manual,,Spaceland Dallas,Supervan,WS
287,2020-10-04,"13,500",0,90.0,4:25:00,0.0,0.0,Manual,,Spaceland Dallas,Supervan,WS
288,2020-10-04,"13,500",0,60.0,4:36:00,0.0,0.0,Manual,,Spaceland Dallas,Supervan,TRACK
289,2020-10-04,"13,500",0,60.0,4:37:00,0.0,0.0,Manual,,Spaceland Dallas,Supervan,TRACK
290,2020-10-04,"13,500",0,60.0,4:38:00,0.0,0.0,Manual,,Spaceland Dallas,Supervan,TRACK
291,2020-10-10,"13,500",0,60.0,4:39:00,0.0,0.0,Manual,,Spaceland Dallas,Supervan,TRACK
292,2020-10-10,"13,500",0,60.0,4:30:00,0.0,0.0,Manual,,Spaceland Dallas,Otter,TRACK
293,2020-10-10,"13,500",0,60.0,5:31:00,0.0,0.0,Manual,,Spaceland Dallas,Supervan,TRACK
294,2020-10-10,"13,500",0,60.0,5:32:00,0.0,0.0,Manual,,Spaceland Dallas,Otter,TRACK
295,2020-10-10,"13,500",0,60.0,5:33:00,0.0,0.0,Manual,,Spaceland Dallas,Supervan,TRACK
296,2020-10-10,"13,500",0,60.0,5:34:00,0.0,0.0,Manual,,Spaceland Dallas,Otter,TRACK
297,2020-10-10,"13,500",0,60.0,5:45:00,0.0,0.0,Manual,,Spaceland Dallas,Otter,TRACK
298,2020-10-10,"13,500",0,60.0,5:46:00,0.0,0.0,Manual,,Spaceland Dallas,Supervan,TRACK
299,2020-10-11,"13,500",0,60.0,5:47:00,0.0,0.0,Manual,,Spaceland Dallas,Otter,TRACK
300,2020-10-11,"13,500",0,60.0,5:48:00,0.0,0.0,Manual,,Spaceland Dallas,Otter,TRACK
301,2020-10-11,"13,500",0,60.0,5:49:00,0.0,0.0,Manual,,Spaceland Dallas,Otter,TRACK
302,2020-10-11,"13,500",0,60.0,5:40:00,0.0,0.0,Manual,,Spaceland Dallas,Otter,TRACK
303,2020-10-11,"13,500",0,60.0,5:41:00,0.0,0.0,Manual,,Spaceland Dallas,Otter,TRACK
304,2020-10-11,"13,500",0,60.0,5:42:00,0.0,0.0,Manual,,Spaceland Dallas,Otter,TRACK
305,2020-10-11,"13,500",0,60.0,5:43:00,0.0,0.0,Manual,,Spaceland Dallas,Otter,TRACK
306,2020-10-24,"13,500",0,60.0,5:44:00,0.0,0.0,Manual,,Spaceland Dallas,Otter,TRACK
307,2020-10-24,"13,500",0,60.0,5:45:00,0.0,0.0,Manual,,Spaceland Dallas,Otter,TRACK
308,2020-10-24,"13,500",0,60.0,5:56:00,0.0,0.0,Manual,,Spaceland Dallas,Otter,TRACK
309,2020-10-24,"13,500",0,60.0,5:57:00,0.0,0.0,Manual,,Spaceland Dallas,Otter,TRACK
310,2020-10-24,"13,500",0,60.0,5:58:00,0.0,0.0,Manual,,Spaceland Dallas,Otter,TRACK
311,2020-10-31,"13,500",0,90.0,5:510:30,0.0,0.0,Manual,,Spaceland Dallas,Supervan,WS
312,2020-10-31,"13,500",0,60.0,5:50:30,0.0,0.0,Manual,,Spaceland Dallas,Supervan,TRACK
313,2020-10-31,"13,500",0,60.0,5:52:30,0.0,0.0,Manual,,Spaceland Dallas,Supervan,TRACK
314,2020-10-31,"13,500",0,60.0,5:52:30,0.0,0.0,Manual,,Spaceland Dallas,Supervan,SPEEDSTAR
315,2020-10-31,"13,500",0,60.0,5:54:30,0.0,0.0,Manual,,Spaceland Dallas,Otter,TRACK
316,2020-10-31,"13,500",0,60.0,5:54:30,0.0,0.0,Manual,,Spaceland Dallas,Otter,TRACK
317,2020-10-31,"13,500",0,60.0,5:66:30,0.0,0.0,Manual,,Spaceland Dallas,Otter,TRACK
318,2020-10-31,"13,500",0,90.0,5:67:00,0.0,0.0,Manual,,Spaceland Dallas,Supervan,WS
319,2020-10-31,"13,500",0,60.0,5:68:00,0.0,0.0,Manual,,Spaceland Dallas,Otter,TRACK
320,2020-10-31,"13,500",0,60.0,5:69:00,0.0,0.0,Manual,,Spaceland Dallas,Supervan,TRACK
321,2020-11-01,"13,500",0,60.0,5:00:00,0.0,0.0,Manual,,Spaceland Dallas,Supervan,TRACK
322,2020-11-01,"13,500",0,60.0,5:01:00,0.0,0.0,Manual,,Spaceland Dallas,Supervan,TRACK
323,2020-11-01,"13,500",0,60.0,5:02:00,0.0,0.0,Manual,,Spaceland Dallas,Supervan,TRACK
324,2020-11-01,"13,500",0,60.0,5:03:00,0.0,0.0,Manual,,Spaceland Dallas,Supervan,TRACK
325,2020-11-01,"13,500",0,60.0,5:04:00,0.0,0.0,Manual,,Spaceland Dallas,Supervan,TRACK
326,2020-11-01,"13,500",0,60.0,5:05:00,0.0,0.0,Manual,,Spaceland Dallas,Supervan,TRACK
327,2020-11-01,"13,500",0,90.0,5:16:30,0.0,0.0,Manual,,Spaceland Dallas,Supervan,WS
328,2020-11-01,"13,500",0,90.0,5:18:00,0.0,0.0,Manual,,Spaceland Dallas,Supervan,WS
329,2020-11-01,"13,500",0,90.0,5:110:30,0.0,0.0,Manual,,Spaceland Dallas,Supervan,WS
330,2020-11-07,"13,500",0,60.0,5:10:30,0.0,0.0,Manual,,Spaceland Dallas,Supervan,TRACK
331,2020-11-07,"13,500",0,60.0,5:12:30,0.0,0.0,Manual,,Spaceland Dallas,Supervan,TRACK
332,2020-11-07,"13,500",0,60.0,5:12:30,0.0,0.0,Manual,,Spaceland Dallas,Otter,TRACK
333,2020-11-07,"13,500",0,60.0,5:14:30,0.0,0.0,Manual,,Spaceland Dallas,Otter,TRACK
334,2020-11-07,"13,500",0,60.0,5:14:30,0.0,0.0,Manual,,Spaceland Dallas,Otter,TRACK
335,2020-11-07,"13,500",0,60.0,5:26:30,0.0,0.0,Manual,,Spaceland Dallas,Otter,TRACK
336,2020-11-07,"13,500",0,60.0,5:26:30,0.0,0.0,Manual,,Spaceland Dallas,Otter,TRACK
337,2020-11-07,"13,500",0,60.0,5:28:30,0.0,0.0,Manual,,Spaceland Dallas,Otter,TRACK
338,2020-11-07,"13,500",0,60.0,5:28:30,0.0,0.0,Manual,,Spaceland Dallas,Otter,TRACK
339,2020-11-15,"13,500",0,60.0,5:210:30,0.0,0.0,Manual,,Spaceland Dallas,Supervan,TRACK
340,2020-11-15,"13,500",0,60.0,5:20:30,0.0,0.0,Manual,,Spaceland Dallas,Supervan,TRACK
341,2020-11-15,"13,500",0,60.0,5:22:30,0.0,0.0,Manual,,Spaceland Dallas,Supervan,TRACK
342,2020-11-15,"13,500",0,60.0,5:22:30,0.0,0.0,Manual,,Spaceland Dallas,Otter,TRACK
343,2020-11-15,"13,500",0,60.0,5:24:30,0.0,0.0,Manual,,Spaceland Dallas,Otter,TRACK
344,2020-11-15,"13,500",0,90.0,5:25:00,0.0,0.0,Manual,,Spaceland Dallas,Otter,WS
345,2020-11-15,"13,500",0,90.0,5:36:30,0.0,0.0,Manual,,Spaceland Dallas,Supervan,WS
346,2020-11-15,"13,500",0,90.0,5:38:00,0.0,0.0,Manual,,Spaceland Dallas,Supervan,WS
347,2020-11-15,"13,500",0,60.0,5:39:00,0.0,0.0,Manual,,Spaceland Dallas,Otter,TRACK
348,2020-11-21,"13,500",0,60.0,6:30:00,0.0,0.0,Manual,,Spaceland Dallas,Supervan,TRACK
349,2020-11-21,"13,500",0,60.0,6:31:00,0.0,0.0,Manual,,Spaceland Dallas,Supervan,TRACK
350,2020-11-21,"13,500",0,60.0,6:32:00,0.0,0.0,Manual,,Spaceland Dallas,Supervan,TRACK
351,2020-11-21,"13,500",0,60.0,6:33:00,0.0,0.0,Manual,,Spaceland Dallas,Supervan,TRACK
352,2020-11-25,"13,500",0,60.0,6:34:00,0.0,0.0,Manual,,Spaceland Dallas,Otter,TRACK
353,2020-11-25,"13,500",0,60.0,6:45:00,0.0,0.0,Manual,,Spaceland Dallas,Otter,TRACK
354,2020-11-25,"13,500",0,60.0,6:46:00,0.0,0.0,Manual,,Spaceland Dallas,Otter,TRACK
355,2020-11-25,"13,500",0,60.0,6:47:00,0.0,0.0,Manual,,Spaceland Dallas,Otter,TRACK
356,2020-11-25,"13,500",0,60.0,6:48:00,0.0,0.0,Manual,,Spaceland Dallas,Otter,TRACK
357,2020-11-25,"13,500",0,60.0,6:49:00,0.0,0.0,Manual,,Spaceland Dallas,Otter,TRACK
358,2020-11-28,"13,500",0,60.0,6:40:00,0.0,0.0,Manual,,Spaceland Dallas,Supervan,TRACK
359,2020-11-28,"13,500",0,60.0,6:41:00,0.0,0.0,Manual,,Spaceland Dallas,Supervan,TRACK
360,2020-11-28,"13,500",0,60.0,6:42:00,0.0,0.0,Manual,,Spaceland Dallas,Supervan,TRACK
361,2020-11-28,"13,500",0,60.0,6:43:00,0.0,0.0,Manual,,Spaceland Dallas,Supervan,TRACK
362,2020-11-28,"13,500",0,60.0,6:44:00,0.0,0.0,Manual,,Spaceland Dallas,Supervan,TRACK
363,2020-11-30,"13,500",0,60.0,6:45:00,0.0,0.0,Manual,,Spaceland Dallas,Supervan,TRACK
364,2020-11-30,"13,500",0,60.0,6:56:00,0.0,0.0,Manual,,Spaceland Dallas,Supervan,TRACK
365,2020-11-30,"13,500",0,60.0,6:57:00,0.0,0.0,Manual,,Spaceland Dallas,Supervan,TRACK
366,2020-11-30,"13,500",0,60.0,6:58:00,0.0,0.0,Manual,,Spaceland Dallas,Supervan,TRACK
367,2020-11-30,"13,500",0,60.0,6:59:00,0.0,0.0,Manual,,Spaceland Dallas,Supervan,TRACK
368,2020-12-05,"13,500",0,60.0,6:50:00,0.0,0.0,Manual,,Spaceland Dallas,Supervan,ANGLE
369,2020-12-05,"13,500",0,60.0,6:51:00,0.0,0.0,Manual,,Spaceland Dallas,Supervan,ANGLE
370,2020-12-05,"13,500",0,60.0,6:52:00,0.0,0.0,Manual,,Spaceland Dallas,Supervan,ANGLE
371,2020-12-05,"13,500",0,60.0,6:53:00,0.0,0.0,Manual,,Spaceland Dallas,Supervan,ANGLE
372,2020-12-05,"13,500",0,60.0,6:54:00,0.0,0.0,Manual,,Spaceland Dallas,Supervan,ANGLE
373,2020-12-05,"13,500",0,60.0,6:65:00,0.0,0.0,Manual,,Spaceland Dallas,Supervan,ANGLE
374,2020-12-05,"13,500",0,60.0,6:66:00,0.0,0.0,Manual,,Spaceland Dallas,Otter,ANGLE
375,2020-12-05,"13,500",0,60.0,6:67:00,0.0,0.0,Manual,,Spaceland Dallas,Supervan,ANGLE
376,2020-12-06,"10,500",0,15.0,6:67:25,0.0,0.0,Manual,,Spaceland Dallas,Supervan,ANGLE
377,2020-12-06,"6,500",0,15.0,6:68:30,0.0,0.0,Manual,,Spaceland Dallas,Supervan,HNP
378,2020-12-06,"13,500",0,60.0,6:68:30,0.0,0.0,Manual,,Spaceland Dallas,Supervan,ANGLE
379,2020-12-06,"13,500",0,60.0,6:610:30,0.0,0.0,Manual,,Spaceland Dallas,Supervan,ANGLE
380,2020-12-06,"13,500",0,60.0,6:00:30,0.0,0.0,Manual,,Spaceland Dallas,Supervan,ANGLE
381,2020-12-12,"13,500",0,60.0,6:02:30,0.0,0.0,Manual,,Spaceland Dallas,Supervan,ANGLE
382,2020-12-12,"13,500",0,60.0,6:02:30,0.0,0.0,Manual,,Spaceland Dallas,Supervan,ANGLE
383,2020-12-12,"13,500",0,60.0,6:04:30,0.0,0.0,Manual,,Spaceland Dallas,Supervan,ANGLE
384,2020-12-12,"13,500",0,60.0,6:04:30,0.0,0.0,Manual,,Spaceland Dallas,Supervan,ANGLE
385,2020-12-12,"13,500",0,60.0,6:16:30,0.0,0.0,Manual,,Spaceland Dallas,Supervan,ANGLE
386,2020-12-12,"13,500",0,60.0,6:16:30,0.0,0.0,Manual,,Spaceland Dallas,Supervan,ANGLE
387,2020-12-12,"13,500",0,60.0,6:18:30,0.0,0.0,Manual,,Spaceland Dallas,Supervan,ANGLE
388,2020-12-20,"13,500",0,60.0,6:18:30,0.0,0.0,Manual,,Spaceland Dallas,Supervan,TRACK
389,2020-12-20,"13,500",0,60.0,6:110:30,0.0,0.0,Manual,,Spaceland Dallas,Supervan,TRACK
390,2020-12-20,"13,500",0,90.0,6:11:00,0.0,0.0,Manual,,Spaceland Dallas,Supervan,WS
391,2020-12-20,"13,500",0,60.0,6:12:00,0.0,0.0,Manual,,Spaceland Dallas,Supervan,TRACK
392,2020-12-20,"13,500",0,60.0,6:13:00,0.0,0.0,Manual,,Spaceland Dallas,Supervan,TRACK
393,2020-12-20,"13,500",0,60.0,6:14:00,0.0,0.0,Manual,,Spaceland Dallas,Supervan,ANGLE
394,2020-12-26,"13,500",0,60.0,6:25:00,0.0,0.0,Manual,,Spaceland Dallas,Supervan,ANGLE
395,2020-12-26,"13,500",0,60.0,6:26:00,0.0,0.0,Manual,,Spaceland Dallas,Supervan,ANGLE
396,2020-12-26,"13,500",0,60.0,6:27:00,0.0,0.0,Manual,,Spaceland Dallas,Supervan,ANGLE
397,2020-12-26,"13,500",0,60.0,6:28:00,0.0,0.0,Manual,,Spaceland Dallas,Supervan,ANGLE
398,2020-12-26,"13,500",0,60.0,6:29:00,0.0,0.0,Manual,,Spaceland Dallas,Supervan,ANGLE
399,2020-12-26,"13,500",0,60.0,6:20:00,0.0,0.0,Manual,,Spaceland Dallas,Supervan,ANGLE
400,2020-12-26,"13,500",0,60.0,6:21:00,0.0,0.0,Manual,,Spaceland Dallas,Supervan,ANGLE
401,2020-12-26,"13,500",0,60.0,6:22:00,0.0,0.0,Manual,,Spaceland Dallas,Supervan,ANGLE
402,2020-12-26,"13,500",0,60.0,6:23:00,0.0,0.0,Manual,,Spaceland Dallas,Supervan,ANGLE
403,2021-01-02,"6,500",0,15.0,6:23:25,0.0,0.0,Manual,,Spaceland Dallas,Supervan,HNP
404,2021-01-02,"6,500",0,15.0,6:24:30,0.0,0.0,Manual,,Spaceland Dallas,Supervan,HNP
405,2021-01-02,"6,500",0,15.0,6:24:45,0.0,0.0,Manual,,Spaceland Dallas,Supervan,HNP
406,2021-01-02,"6,500",0,15.0,6:24:00,0.0,0.0,Manual,,Spaceland Dallas,Supervan,HNP
407,2021-01-02,"6,500",0,15.0,6:24:25,0.0,0.0,Manual,,Spaceland Dallas,Supervan,HNP
408,2021-01-02,"6,500",0,15.0,6:24:30,0.0,0.0,Manual,,Spaceland Dallas,Supervan,HNP
409,2021-01-03,"13,500",0,60.0,6:36:30,0.0,0.0,Manual,,Spaceland Dallas,Supervan,ANGLE
410,2021-01-03,"13,500",0,60.0,6:36:30,0.0,0.0,Manual,,Spaceland Dallas,Supervan,ANGLE
411,2021-01-03,"13,500",0,60.0,6:38:30,0.0,0.0,Manual,,Spaceland Dallas,Otter,ANGLE
412,2021-01-03,"13,500",0,60.0,6:38:30,0.0,0.0,Manual,,Spaceland Dallas,Supervan,ANGLE
413,2021-01-03,"13,500",0,60.0,6:310:30,0.0,0.0,Manual,,Spaceland Dallas,Supervan,ANGLE
414,2021-01-03,"13,500",0,60.0,7:30:30,0.0,0.0,Manual,,Spaceland Dallas,Supervan,ANGLE
415,2021-01-03,"13,500",0,60.0,7:32:30,0.0,0.0,Manual,,Spaceland Dallas,Supervan,ANGLE
416,2021-01-03,"13,500",0,60.0,7:32:30,0.0,0.0,Manual,,Spaceland Dallas,Supervan,ANGLE
417,2021-01-08,"13,500",0,60.0,7:34:30,0.0,0.0,Manual,,Spaceland Dallas,Otter,ANGLE
418,2021-01-08,"13,500",0,60.0,7:34:30,0.0,0.0,Manual,,Spaceland Dallas,Otter,ANGLE
419,2021-01-08,"13,500",0,60.0,7:46:30,0.0,0.0,Manual,,Spaceland Dallas,Otter,ANGLE
420,2021-01-09,"13,500",0,60.0,7:46:30,0.0,0.0,Manual,,Spaceland Dallas,Supervan,ANGLE
421,2021-01-09,"13,500",0,60.0,7:48:30,0.0,0.0,Manual,,Spaceland Dallas,Supervan,ANGLE
422,2021-01-09,"13,500",0,60.0,7:48:30,0.0,0.0,Manual,,Spaceland Dallas,Supervan,ANGLE
423,2021-01-09,"13,500",0,60.0,7:410:30,0.0,0.0,Manual,,Spaceland Dallas,Supervan,ANGLE
424,2021-01-09,"13,500",0,60.0,7:40:30,0.0,0.0,Manual,,Spaceland Dallas,Supervan,ANGLE
425,2021-01-09,"13,500",0,60.0,7:42:30,0.0,0.0,Manual,,Spaceland Dallas,Otter,ANGLE
426,2021-01-09,"13,500",0,60.0,7:42:30,0.0,0.0,Manual,,Spaceland Dallas,Otter,ANGLE
427,2021-01-09,"13,500",0,60.0,7:44:30,0.0,0.0,Manual,,Spaceland Dallas,Otter,ANGLE
428,2021-01-09,"13,500",0,60.0,7:44:30,0.0,0.0,Manual,,Spaceland Dallas,Otter,ANGLE
429,2021-01-16,"13,500",0,60.0,7:56:30,0.0,0.0,Manual,,Spaceland Dallas,Supervan,ANGLE
430,2021-01-16,"13,500",0,60.0,7:56:30,0.0,0.0,Manual,,Spaceland Dallas,Otter,TRACK
431,2021-01-16,"13,500",0,60.0,7:58:30,0.0,0.0,Manual,,Spaceland Dallas,Otter,ANGLE
432,2021-01-16,"13,500",0,60.0,7:58:30,0.0,0.0,Manual,,Spaceland Dallas,Otter,TRACK
433,2021-01-16,"13,500",0,60.0,7:510:30,0.0,0.0,Manual,,Spaceland Dallas,Otter,TRACK
434,2021-01-16,"13,500",0,60.0,7:50:30,0.0,0.0,Manual,,Spaceland Dallas,Otter,TRACK
435,2021-01-16,"13,500",0,60.0,7:52:30,0.0,0.0,Manual,,Spaceland Dallas,Otter,TRACK
436,2021-01-16,"13,500",0,60.0,7:52:30,0.0,0.0,Manual,,Spaceland Dallas,Otter,TRACK
437,2021-01-16,"13,500",0,60.0,7:54:30,0.0,0.0,Manual,,Spaceland Dallas,Supervan,ANGLE
438,2021-01-17,"6,500",0,15.0,7:54:45,0.0,0.0,Manual,,Spaceland Dallas,Supervan,HNP
439,2021-01-17,"6,500",0,15.0,7:54:00,0.0,0.0,Manual,,Spaceland Dallas,Supervan,HNP
440,2021-01-17,"6,500",0,15.0,7:54:25,0.0,0.0,Manual,,Spaceland Dallas,Supervan,HNP
441,2021-01-17,"13,500",0,60.0,7:65:25,0.0,0.0,Manual,,Spaceland Dallas,Supervan,ANGLE
442,2021-01-17,"13,500",0,60.0,7:66:25,0.0,0.0,Manual,,Spaceland Dallas,Supervan,ANGLE
443,2021-01-17,"13,500",0,60.0,7:67:25,0.0,0.0,Manual,,Spaceland Dallas,Supervan,ANGLE
444,2021-03-06,"13,500",0,60.0,7:68:25,0.0,0.0,Manual,,Spaceland Dallas,Otter,ANGLE
445,2021-03-06,"13,500",0,60.0,7:69:25,0.0,0.0,Manual,,Spaceland Dallas,Otter,ANGLE
446,2021-03-06,"13,500",0,60.0,7:00:25,0.0,0.0,Manual,,Spaceland Dallas,Otter,ANGLE
447,2021-03-06,"13,500",0,60.0,7:01:25,0.0,0.0,Manual,,Spaceland Dallas,Otter,ANGLE
448,2021-03-06,"13,500",0,90.0,7:03:45,0.0,0.0,Manual,,Spaceland Dallas,Otter,WS
449,2021-03-07,"13,500",0,60.0,7:04:45,0.0,0.0,Manual,,Spaceland Dallas,King Air,TRACK
450,2021-03-07,"13,500",0,60.0,7:05:45,0.0,0.0,Manual,,Spaceland Dallas,King Air,TRACK
451,2021-03-07,"13,500",0,90.0,7:16:25,0.0,0.0,Manual,,Spaceland Dallas,Otter,WS
452,2021-03-07,"13,500",0,90.0,7:18:45,0.0,0.0,Manual,,Spaceland Dallas,Otter,WS
453,2021-03-07,"13,500",0,90.0,7:19:25,0.0,0.0,Manual,,Spaceland Dallas,Otter,WS
454,2021-03-07,"13,500",0,90.0,7:11:45,0.0,0.0,Manual,,Spaceland Dallas,Otter,WS
455,2021-03-20,"13,500",0,90.0,7:12:25,0.0,0.0,Manual,,Spaceland Dallas,Otter,WS
456,2021-03-20,"13,500",0,60.0,7:13:25,0.0,0.0,Manual,,Spaceland Dallas,Otter,ANGLE
457,2021-03-20,"13,500",0,90.0,7:15:45,0.0,0.0,Manual,,Spaceland Dallas,Otter,WS
458,2021-03-20,"13,500",0,60.0,7:26:45,0.0,0.0,Manual,,Spaceland Dallas,Otter,ANGLE
459,2021-03-20,"13,500",0,60.0,7:27:45,0.0,0.0,Manual,,Spaceland Dallas,Otter,ANGLE
460,2021-03-20,"13,500",0,60.0,7:28:45,0.0,0.0,Manual,,Spaceland Dallas,Otter,ANGLE
461,2021-03-20,"13,500",0,90.0,7:29:25,0.0,0.0,Manual,,Spaceland Dallas,Supervan,WS
462,2021-03-21,"13,500",0,60.0,7:20:25,0.0,0.0,Manual,,Spaceland Dallas,Supervan,TRACK
463,2021-03-21,"13,500",0,60.0,7:21:25,0.0,0.0,Manual,,Spaceland Dallas,Supervan,TRACK
464,2021-03-21,"13,500",0,90.0,7:23:45,0.0,0.0,Manual,,Spaceland Dallas,Supervan,WS
465,2021-03-21,"13,500",0,90.0,7:24:25,0.0,0.0,Manual,,Spaceland Dallas,Supervan,WS
466,2021-03-21,"13,500",0,60.0,7:35:25,0.0,0.0,Manual,,Spaceland Dallas,Supervan,ANGLE
467,2021-03-28,"13,500",0,60.0,7:36:25,0.0,0.0,Manual,,Spaceland Dallas,King Air,ANGLE
468,2021-03-28,"13,500",0,90.0,7:38:45,0.0,0.0,Manual,,Spaceland Dallas,King Air,WS
469,2021-03-28,"13,500",0,60.0,7:39:45,0.0,0.0,Manual,,Spaceland Dallas,Supervan,ANGLE
470,2021-03-28,"13,500",0,90.0,8:30:25,0.0,0.0,Manual,,Spaceland Dallas,Supervan,WS
471,2021-03-28,"13,500",0,90.0,8:32:45,0.0,0.0,Manual,,Spaceland Dallas,Supervan,WS
472,2021-03-28,"13,500",0,90.0,8:33:25,0.0,0.0,Manual,,Spaceland Dallas,Supervan,WS
473,2021-03-28,"13,500",0,90.0,8:35:45,0.0,0.0,Manual,,Spaceland Dallas,Supervan,WS
474,2021-04-03,"6,500",0,15.0,8:45:00,0.0,0.0,Manual,,Spaceland Dallas,Supervan,HNP
475,2021-04-03,"13,500",0,90.0,8:46:30,0.0,0.0,Manual,,Spaceland Dallas,Otter,WS
476,2021-04-03,"13,500",0,90.0,8:48:00,0.0,0.0,Manual,,Spaceland Dallas,Otter,WS
477,2021-04-10,"13,500",0,60.0,8:49:00,0.0,0.0,Manual,,Spaceland Dallas,Supervan,ANGLE
478,2021-04-10,"13,500",0,60.0,8:40:00,0.0,0.0,Manual,,Spaceland Dallas,Otter,ANGLE
479,2021-04-10,"13,500",0,90.0,8:42:30,0.0,0.0,Manual,,Spaceland Dallas,Supervan,WS
480,2021-04-10,"13,500",0,90.0,8:43:00,0.0,0.0,Manual,,Spaceland Dallas,Supervan,WS
481,2021-04-10,"13,500",0,60.0,8:44:00,0.0,0.0,Manual,,Spaceland Dallas,Supervan,ANGLE
482,2021-04-10,"13,500",0,60.0,8:45:00,0.0,0.0,Manual,,Spaceland Dallas,Supervan,ANGLE
483,2021-04-10,"13,500",0,60.0,8:56:00,0.0,0.0,Manual,,Spaceland Dallas,Supervan,ANGLE
484,2021-04-10,"13,500",0,60.0,8:57:00,0.0,0.0,Manual,,Spaceland Dallas,Supervan,ANGLE
485,2021-04-10,"13,500",0,60.0,8:58:00,0.0,0.0,Manual,,Spaceland Dallas,Supervan,ANGLE
486,2021-04-10,"13,500",0,60.0,8:59:00,0.0,0.0,Manual,,Spaceland Dallas,Supervan,ANGLE
487,2021-04-10,"13,500",0,60.0,8:50:00,0.0,0.0,Manual,,Spaceland Dallas,Supervan,ANGLE
488,2021-04-11,"13,500",0,60.0,8:51:00,0.0,0.0,Manual,,Spaceland Dallas,Supervan,ANGLE
489,2021-04-18,"13,500",0,60.0,8:52:00,0.0,0.0,Manual,,Spaceland Dallas,Supervan,ANGLE
490,2021-04-18,"13,500",0,60.0,8:53:00,0.0,0.0,Manual,,Spaceland Dallas,Supervan,ANGLE
491,2021-04-18,"13,500",0,60.0,8:54:00,0.0,0.0,Manual,,Spaceland Dallas,Otter,ANGLE
492,2021-04-18,"13,500",0,60.0,8:65:00,0.0,0.0,Manual,,Spaceland Dallas,Otter,ANGLE
493,2021-04-18,"13,500",0,90.0,8:66:30,0.0,0.0,Manual,,Spaceland Dallas,Otter,WS
494,2021-04-18,"13,500",0,90.0,8:68:00,0.0,0.0,Manual,,Spaceland Dallas,Otter,WS
495,2021-04-18,"13,500",0,90.0,8:610:30,0.0,0.0,Manual,,Spaceland Dallas,Supervan,WS
496,2021-04-18,"13,500",0,90.0,8:01:00,0.0,0.0,Manual,,Spaceland Dallas,Supervan,WS
497,2021-04-24,"13,500",0,60.0,8:02:00,0.0,0.0,Manual,,Spaceland Dallas,Supervan,TRACK
498,2021-04-24,"13,500",0,60.0,8:03:00,0.0,0.0,Manual,,Spaceland Dallas,Supervan,TRACK
499,2021-04-24,"13,500",0,60.0,8:04:00,0.0,0.0,Manual,,Spaceland Dallas,Supervan,TRACK
500,2021-04-24,"13,500",0,90.0,8:16:30,0.0,0.0,Manual,,Spaceland Dallas,Supervan,WS
501,2021-04-25,"13,500",0,60.0,8:16:30,0.0,0.0,Manual,,Spaceland Dallas,Supervan,ANGLE
502,2021-04-25,"13,500",0,60.0,8:18:30,0.0,0.0,Manual,,Spaceland Dallas,Supervan,ANGLE
503,2021-04-25,"13,500",0,60.0,8:18:30,0.0,0.0,Manual,,Spaceland Dallas,Supervan,ANGLE
504,2021-04-25,"13,500",0,90.0,8:10:00,0.0,0.0,Manual,,Spaceland Dallas,Supervan,WS
505,2021-04-25,"13,500",0,90.0,8:12:30,0.0,0.0,Manual,,Spaceland Dallas,Otter,WS
506,2021-04-25,"13,500",0,90.0,8:13:00,0.0,0.0,Manual,,Spaceland Dallas,Otter,WS
507,2021-04-25,"13,500",0,90.0,8:14:30,0.0,0.0,Manual,,Spaceland Dallas,Otter,WS
508,2021-04-25,"13,500",0,90.0,8:26:00,0.0,0.0,Manual,,Spaceland Dallas,Supervan,WS
509,2021-04-25,"13,500",0,90.0,8:28:30,0.0,0.0,Manual,,Spaceland Dallas,Supervan,WS
510,2021-05-05,"13,500",0,60.0,8:28:30,0.0,0.0,Manual,,Spaceland Dallas,Supervan,ANGLE
511,2021-05-05,"13,500",0,60.0,8:210:30,0.0,0.0,Manual,,Spaceland Dallas,Supervan,ANGLE
512,2021-05-05,"13,500",0,60.0,8:20:30,0.0,0.0,Manual,,Spaceland Dallas,Supervan,ANGLE
513,2021-05-05,"13,500",0,60.0,8:22:30,0.0,0.0,Manual,,Spaceland Dallas,Supervan,ANGLE
514,2021-05-05,"13,500",0,60.0,8:22:30,0.0,0.0,Manual,,Spaceland Dallas,Supervan,ANGLE
515,2021-05-05,"13,500",0,60.0,8:24:30,0.0,0.0,Manual,,Spaceland Dallas,Supervan,ANGLE
516,2021-05-05,"13,500",0,60.0,8:24:30,0.0,0.0,Manual,,Spaceland Dallas,Supervan,ANGLE
517,2021-05-05,"13,500",0,60.0,8:36:30,0.0,0.0,Manual,,Spaceland Dallas,Supervan,ANGLE
518,2021-05-05,"13,500",0,60.0,8:36:30,0.0,0.0,Manual,,Spaceland Dallas,Supervan,ANGLE
519,2021-05-05,"13,500",0,60.0,8:38:30,0.0,0.0,Manual,,Spaceland Dallas,Supervan,ANGLE
520,2021-05-05,"13,500",0,60.0,8:38:30,0.0,0.0,Manual,,Spaceland Dallas,Supervan,ANGLE
521,2021-05-05,"13,500",0,60.0,8:310:30,0.0,0.0,Manual,,Spaceland Dallas,Supervan,ANGLE
522,2021-05-23,"13,500",0,60.0,9:30:30,0.0,0.0,Manual,,Spaceland Dallas,Supervan,TRACK
523,2021-05-23,"13,500",0,60.0,9:32:30,0.0,0.0,Manual,,Spaceland Dallas,Supervan,TRACK
524,2021-05-23,"13,500",0,60.0,9:32:30,0.0,0.0,Manual,,Spaceland Dallas,Supervan,TRACK
525,2021-05-23,"13,500",0,60.0,9:34:30,0.0,0.0,Manual,,Spaceland Dallas,Supervan,TRACK
526,2021-05-23,"13,500",0,60.0,9:34:30,0.0,0.0,Manual,,Spaceland Dallas,Supervan,TRACK
527,2021-05-30,"13,500",0,60.0,9:46:30,0.0,0.0,Manual,,Spaceland Dallas,Supervan,TRACK
528,2021-05-30,"6,500",0,15.0,9:46:45,0.0,0.0,Manual,,Spaceland Dallas,Supervan,HNP
529,2021-06-12,"13,500",0,60.0,9:47:45,0.0,0.0,Manual,,Spaceland Dallas,Supervan,ANGLE
530,2021-06-12,"13,500",0,90.0,9:48:25,0.0,0.0,Manual,,Spaceland Dallas,Supervan,WS
531,2021-06-12,"13,500",0,90.0,9:410:45,0.0,0.0,Manual,,Spaceland Dallas,Supervan,WS
532,2021-06-12,"13,500",0,90.0,9:41:25,0.0,0.0,Manual,,Spaceland Dallas,Otter,WS
533,2021-06-12,"13,500",0,90.0,9:43:45,0.0,0.0,Manual,,Spaceland Dallas,Supervan,WS
534,2021-06-12,"13,500",0,90.0,9:44:25,0.0,0.0,Manual,,Spaceland Dallas,Supervan,WS
535,2021-06-12,"13,500",0,90.0,9:56:45,0.0,0.0,Manual,,Spaceland Dallas,Supervan,WS
536,2021-06-13,"13,500",0,60.0,9:57:45,0.0,0.0,Manual,,Spaceland Dallas,Supervan,ANGLE
537,2021-06-13,"13,500",0,60.0,9:58:45,0.0,0.0,Manual,,Spaceland Dallas,Otter,ANGLE
538,2021-06-13,"13,500",0,90.0,9:59:25,0.0,0.0,Manual,,Spaceland Dallas,Otter,WS
539,2021-06-13,"13,500",0,60.0,9:50:25,0.0,0.0,Manual,,Spaceland Dallas,Otter,ANGLE
540,2021-06-13,"13,500",0,60.0,9:51:25,0.0,0.0,Manual,,Spaceland Dallas,Otter,ANGLE
541,2021-06-13,"13,500",0,60.0,9:52:25,0.0,0.0,Manual,,Spaceland Dallas,Otter,ANGLE
542,2021-06-18,"13,500",0,60.0,9:53:25,0.0,0.0,Manual,,Spaceland Dallas,Supervan,ANGLE
543,2021-06-18,"6,500",0,15.0,9:54:30,0.0,0.0,Manual,,Spaceland Dallas,Supervan,HNP
544,2021-06-19,"13,500",0,90.0,9:65:00,0.0,0.0,Manual,,Spaceland Dallas,Otter,WS
545,2021-06-19,"13,500",0,60.0,9:66:00,0.0,0.0,Manual,,Spaceland Dallas,Otter,TRACK
546,2021-06-19,"13,500",0,60.0,9:67:00,0.0,0.0,Manual,,Spaceland Dallas,Supervan,TRACK
547,2021-06-20,"13,500",0,60.0,9:68:00,0.0,0.0,Manual,,Spaceland Dallas,Otter,TRACK
548,2021-06-20,"13,500",0,60.0,9:69:00,0.0,0.0,Manual,,Spaceland Dallas,Supervan,TRACK
549,2021-06-20,"13,500",0,60.0,9:00:00,0.0,0.0,Manual,,Spaceland Dallas,Otter,TRACK
550,2021-06-20,"13,500",0,60.0,9:01:00,0.0,0.0,Manual,,Spaceland Dallas,Supervan,TRACK
551,2021-06-20,"13,500",0,90.0,9:02:30,0.0,0.0,Manual,,Spaceland Dallas,Supervan,WS
552,2021-06-20,"13,500",0,90.0,9:04:00,0.0,0.0,Manual,,Spaceland Dallas,Supervan,WS
553,2021-06-26,"13,500",0,60.0,9:05:00,0.0,0.0,Manual,,Spaceland Dallas,Supervan,ANGLE
554,2021-06-26,"13,500",0,60.0,9:16:00,0.0,0.0,Manual,,Spaceland Dallas,Supervan,ANGLE
555,2021-06-26,"13,500",0,60.0,9:17:00,0.0,0.0,Manual,,Spaceland Dallas,Supervan,ANGLE
556,2021-06-26,"13,500",0,60.0,9:18:00,0.0,0.0,Manual,,Spaceland Dallas,Supervan,ANGLE
557,2021-06-26,"13,500",0,60.0,9:19:00,0.0,0.0,Manual,,Spaceland Dallas,Supervan,ANGLE
558,2021-06-26,"13,500",0,60.0,9:10:00,0.0,0.0,Manual,,Spaceland Dallas,Supervan,ANGLE
559,2021-07-01,"13,500",0,90.0,9:12:30,0.0,0.0,Manual,,Spaceland Dallas,Supervan,WS
560,2021-07-01,"13,500",0,60.0,9:12:30,0.0,0.0,Manual,,Spaceland Dallas,Supervan,ANGLE
561,2021-07-01,"13,500",0,90.0,9:14:00,0.0,0.0,Manual,,Spaceland Dallas,Supervan,WS
562,2021-07-01,"13,500",0,90.0,9:26:30,0.0,0.0,Manual,,Spaceland Dallas,Supervan,WS
563,2021-07-01,"13,500",0,60.0,9:26:30,0.0,0.0,Manual,,Spaceland Dallas,Supervan,ANGLE
564,2021-07-02,"13,500",0,90.0,9:28:00,0.0,0.0,Manual,,Spaceland Dallas,Supervan,WS
565,2021-07-02,"13,500",0,90.0,9:210:30,0.0,0.0,Manual,,Spaceland Dallas,Supervan,WS
566,2021-07-02,"13,500",0,90.0,9:21:00,0.0,0.0,Manual,,Spaceland Dallas,Supervan,WS
567,2021-07-02,"13,500",0,90.0,9:22:30,0.0,0.0,Manual,,Spaceland Dallas,Supervan,WS
568,2021-07-03,"6,500",0,15.0,9:23:45,0.0,0.0,Manual,,Spaceland Dallas,Otter,HNP
569,2021-07-03,"13,500",0,90.0,9:24:25,0.0,0.0,Manual,,Spaceland Dallas,Otter,WS
570,2021-07-03,"6,500",0,15.0,9:24:30,0.0,0.0,Manual,,Spaceland Dallas,Otter,HNP
571,2021-07-03,"13,500",0,90.0,9:36:00,0.0,0.0,Manual,,Spaceland Dallas,Otter,WS
572,2021-07-03,"13,500",0,60.0,9:37:00,0.0,0.0,Manual,,Spaceland Dallas,Supervan,ANGLE
573,2021-07-03,"13,500",0,90.0,9:38:30,0.0,0.0,Manual,,Spaceland Dallas,Otter,WS
574,2021-07-03,"13,500",0,90.0,10:30:00,0.0,0.0,Manual,,Spaceland Dallas,Otter,WS
575,2021-07-04,"13,500",0,90.0,10:32:30,0.0,0.0,Manual,,Spaceland Dallas,Supervan,WS
576,2021-07-04,"6,500",0,15.0,10:32:45,0.0,0.0,Manual,,Spaceland Dallas,Supervan,HNP
577,2021-07-04,"13,500",0,90.0,10:33:25,0.0,0.0,Manual,,Spaceland Dallas,Supervan,WS
578,2021-07-04,"13,500",0,90.0,10:35:45,0.0,0.0,Manual,,Spaceland Dallas,Otter,WS
579,2021-07-04,"13,500",0,90.0,10:46:25,0.0,0.0,Manual,,Spaceland Dallas,Otter,WS
580,2021-07-04,"13,500",0,90.0,10:48:45,0.0,0.0,Manual,,Spaceland Dallas,Otter,WS
581,2021-07-05,"13,500",0,60.0,10:49:45,0.0,0.0,Manual,,Spaceland Dallas,Supervan,TRACK
582,2021-07-05,"13,500",0,60.0,10:410:45,0.0,0.0,Manual,,Spaceland Dallas,Supervan,TRACK
583,2021-07-05,"13,500",0,60.0,10:41:45,0.0,0.0,Manual,,Spaceland Dallas,Supervan,TRACK
584,2021-07-05,"13,500",0,60.0,10:42:45,0.0,0.0,Manual,,Spaceland Dallas,Otter,TRACK
585,2021-07-05,"13,500",0,60.0,10:43:45,0.0,0.0,Manual,,Spaceland Dallas,Otter,TRACK
586,2021-07-05,"13,500",0,60.0,10:44:45,0.0,0.0,Manual,,Spaceland Dallas,Otter,TRACK
587,2021-07-10,"13,500",0,90.0,10:55:25,0.0,0.0,Manual,,Spaceland Dallas,Otter,WS
588,2021-07-10,"13,500",0,60.0,10:56:25,0.0,0.0,Manual,,Spaceland Dallas,Supervan,BELLY
589,2021-07-11,"10,750","3,300",105.0,10:58:00,60.0,49.0,Import,profile589.csv,Spaceland Dallas,Otter,WS
590,2021-07-11,"13,600","1,450",68.0,10:59:18,139.0,124.0,Import,profile590.csv,Spaceland Dallas,Otter,WS
591,2021-07-11,"13,350","3,150",119.0,10:51:17,69.0,58.0,Import,profile591.csv,Spaceland Dallas,Supervan,WS
592,2021-07-11,"13,150","3,500",92.0,10:53:49,105.0,72.0,Import,profile592.csv,Spaceland Dallas,Supervan,WS
593,2021-07-22,"9,950","3,600",56.0,10:54:45,107.0,77.0,Import,profile593.csv,Spaceland Dallas,Supervan,WS
594,2021-07-22,"14,000","3,500",87.0,10:65:02,117.0,81.0,Import,profile594.csv,Spaceland Dallas,Supervan,WS
595,2021-07-22,"13,700","2,600",89.0,10:67:31,117.0,84.0,Import,profile595.csv,Spaceland Dallas,Supervan,WS
596,2021-07-22,"13,750","2,450",93.0,10:68:04,130.0,82.0,Import,profile596.csv,Spaceland Dallas,Supervan,WS
597,2021-07-23,"13,150","4,350",109.2,10:610:53,92.0,56.0,Manual,,Spaceland Dallas,Supervan,WS
598,2021-07-24,"13,150","4,350",109.2,10:02:42,92.0,56.0,Manual,,Spaceland Dallas,Supervan,WS
599,2021-07-24,"13,150","4,350",109.2,10:04:32,92.0,56.0,Manual,,Spaceland Dallas,Supervan,WS
600,2021-07-24,"13,150","4,350",109.2,10:15:21,92.0,56.0,Manual,,Spaceland Dallas,Supervan,WS
601,2021-07-24,"13,150","4,350",109.2,10:17:10,92.0,56.0,Manual,,Spaceland Dallas,Supervan,WS
602,2021-07-24,"13,150","4,350",109.2,10:19:69,92.0,56.0,Manual,,Spaceland Dallas,Supervan,WS
603,2021-07-24,"13,150","4,350",109.2,10:11:58,92.0,56.0,Manual,,Spaceland Dallas,Supervan,WS
604,2021-07-25,"13,150","4,350",109.2,10:13:48,92.0,56.0,Import,profile604.csv,Spaceland Dallas,Supervan,WS
605,2021-08-14,"2,150","1,850",5.4,10:13:43,37.0,29.0,Import,profile605.csv,Spaceland Dallas,Supervan,BELLY
606,2021-08-14,"9,250","2,100",40.2,10:13:23,142.0,123.0,Import,profile606.csv,Spaceland Dallas,Supervan,BELLY
607,2021-08-15,"9,050","8,950",3.0,10:13:36,23.0,21.0,Import,profile607.csv,Spaceland Dallas,Supervan,BELLY
608,2021-08-15,"9,050","8,950",3.0,10:13:39,23.0,21.0,Manual,,Spaceland Dallas,Supervan,TRACK
609,2021-08-28,"14,000","3,450",59.0,10:14:38,159.0,121.0,Import,profile609.csv,Spaceland Dallas,Supervan,BELLY
610,2021-08-21,"8,750","4,400",54.4,10:25:23,64.0,55.0,Import,profile610.csv,Spaceland Dallas,Supervan,BELLY
611,2021-08-21,"9,850",700,105.2,10:27:18,91.0,60.0,Import,profile611.csv,Spaceland Dallas,Supervan,WS
612,2021-08-21,"11,850","4,450",89.0,10:29:47,76.0,58.0,Import,profile612.csv,Spaceland Dallas,Supervan,WS
613,2021-08-21,"10,850","1,050",116.2,10:21:33,77.0,57.0,Import,profile613.csv,Spaceland Dallas,Otter,WS
614,2021-08-21,"12,500","2,950",144.0,10:23:67,79.0,59.0,Import,profile614.csv,Spaceland Dallas,Supervan,WS
615,2021-08-28,"8,700",150,41.6,10:24:49,166.0,145.0,Import,profile615.csv,Spaceland Dallas,Supervan,TRACK
616,2021-08-28,"9,350","2,850",37.8,10:24:26,134.0,121.0,Import,profile616.csv,Spaceland Dallas,Supervan,BELLY
617,2021-08-28,"14,000","3,450",59.4,10:35:26,159.0,121.0,Import,profile617.csv,Spaceland Dallas,Supervan,Coach-Belly
618,2021-08-28,"9,450",300,117.2,10:37:13,93.0,76.0,Import,profile618.csv,Spaceland Dallas,Otter,TRACK
619,2021-08-28,"9,450",300,117.2,10:39:10,93.0,76.0,Manual,,Spaceland Dallas,Otter,TRACK
620,2021-08-28,"9,450",300,117.2,11:31:17,93.0,76.0,Manual,,Spaceland Dallas,Otter,WS
621,2021-08-29,"9,300","4,350",76.4,11:32:24,62.0,45.0,Import,profile621.csv,Spaceland Dallas,Otter,WS
622,2021-08-29,"7,750","1,700",72.2,11:34:46,86.0,58.0,Import,profile622.csv,Spaceland Dallas,Otter,WS
623,2021-08-29,"9,350",450,107.4,11:45:23,80.0,56.0,Import,profile623.csv,Spaceland Dallas,Otter,WS
624,2021-08-29,"12,900","3,600",115.8,11:47:29,80.0,55.0,Import,profile624.csv,Spaceland Dallas,Otter,WS
625,2021-09-03,"11,500",150,57.2,11:48:26,163.0,132.0,Import,profile625.csv,Spaceland Dallas,Otter,TRACK
626,2021-09-03,"9,600","4,250",57.6,11:49:14,74.0,65.0,Import,profile626.csv,Spaceland Dallas,Otter,TRACK
627,2021-09-03,"10,950",200,60.6,11:40:15,143.0,120.0,Import,profile627.csv,Spaceland Dallas,Otter,TRACK
628,2021-09-03,"10,800",150,62.0,11:41:27,153.0,118.0,Import,profile628.csv,Spaceland Dallas,Otter,TRACK
629,2021-09-03,"11,700",50,68.0,11:42:25,138.0,116.0,Import,profile629.csv,Spaceland Dallas,Otter,TRACK
630,2021-09-03,"4,650",50,27.8,11:43:52,132.0,118.0,Import,profile630.csv,Spaceland Dallas,Otter,TRACK
631,2021-09-03,"14,500","2,950",61.4,11:44:54,185.0,127.0,Import,profile631.csv,Spaceland Dallas,Supervan,ANGLE
633,2021-09-04,"1,950","1,350",11.6,11:44:15,44.0,31.0,Import,profile633.csv,Spaceland Dallas,Otter,TRACK
634,2021-09-04,"12,050",150,73.4,11:55:29,127.0,102.0,Import,profile634.csv,Spaceland Dallas,Otter,TRACK
635,2021-09-04,"14,300","2,850",66.2,11:56:25,172.0,116.0,Import,profile635.csv,Spaceland Dallas,Otter,TRACK
636,2021-09-04,"7,800","3,100",29.4,11:57:54,134.0,115.0,Import,profile636.csv,Spaceland Dallas,Supervan,BELLY
637,2021-09-04,"11,600",900,55.8,11:58:50,156.0,134.0,Import,profile637.csv,Spaceland Dallas,Supervan,Coach-Track
638,2021-09-04,"11,500",50,63.4,11:59:54,150.0,122.0,Import,profile638.csv,Spaceland Dallas,Supervan,ANGLE
640,2021-09-04,"11,250",50,66.6,11:50:00,148.0,114.0,Import,profile640.csv,Spaceland Dallas,Supervan,ANGLE
641,2021-09-05,"10,350",400,60.6,11:51:01,135.0,111.0,Import,profile641.csv,Spaceland Dallas,Supervan,TRACK
642,2021-09-05,"6,000",350,35.4,11:52:46,139.0,109.0,Import,profile642.csv,Spaceland Dallas,Supervan,TRACK
643,2021-09-06,"12,250",250,59.8,11:53:46,170.0,137.0,Import,profile643.csv,Spaceland Dallas,Supervan,TRACK
644,2021-09-06,"10,400",300,61.8,11:54:48,137.0,112.0,Import,profile644.csv,Spaceland Dallas,Supervan,Coach-Track
645,2021-09-06,"11,100",50,62.4,11:55:40,138.0,122.0,Import,profile645.csv,Spaceland Dallas,Supervan,TRACK
646,2021-09-06,400,400,0.0,11:55:40,0.0,0.0,Import,profile646.csv,Spaceland Dallas,Supervan,Coach-Belly
647,2021-09-06,"10,950",150,66.0,11:66:56,135.0,96.0,Import,profile647.csv,Spaceland Dallas,Supervan,ANGLE
648,2021-09-06,"4,750","4,550",3.0,11:66:59,54.0,52.0,Import,profile648.csv,Spaceland Dallas,Supervan,WS
649,2021-09-06,"12,850","4,300",97.4,11:67:37,104.0,61.0,Import,profile649.csv,Spaceland Dallas,Supervan,WS
650,2021-09-11,"11,100","3,450",91.4,11:69:68,78.0,57.0,Import,profile650.csv,Spaceland Dallas,Supervan,WS
651,2021-09-11,"11,450","3,400",95.6,11:01:34,66.0,58.0,Import,profile651.csv,Spaceland Dallas,Supervan,WS
652,2021-09-11,"9,300","1,250",92.4,11:02:16,80.0,61.0,Import,profile652.csv,Spaceland Dallas,Supervan,WS
653,2021-09-11,"5,250",450,62.4,11:03:18,66.0,53.0,Import,profile653.csv,Spaceland Dallas,Supervan,WS
654,2021-09-11,"8,000","3,050",61.8,11:04:10,71.0,55.0,Import,profile654.csv,Spaceland Dallas,Supervan,WS
655,2021-09-19,"10,550",650,127.6,11:16:28,82.0,54.0,Import,profile655.csv,Spaceland Dallas,Otter,WS
656,2021-09-19,"14,450","3,450",141.4,11:19:49,144.0,66.0,Import,profile656.csv,Spaceland Dallas,Otter,WS
657,2021-09-19,"2,700","2,450",5.0,11:19:44,28.0,22.0,Import,profile657.csv,Spaceland Dallas,Otter,WS
658,2021-09-19,"7,350",700,79.4,11:10:04,123.0,58.0,Import,profile658.csv,Spaceland Dallas,Otter,WS
659,2021-09-19,"6,700",300,69.6,11:11:13,105.0,65.0,Import,profile659.csv,Spaceland Dallas,Otter,WS
660,2021-09-19,"4,100",650,50.2,11:12:03,59.0,49.0,Import,profile660.csv,Spaceland Dallas,Otter,WS
661,2021-09-25,"13,950","3,050",151.0,11:15:34,66.0,49.0,Import,profile661.csv,Spaceland Dallas,Supervan,WS
662,2021-09-25,"10,550","1,200",50.2,11:25:25,147.0,130.0,Import,profile662.csv,Spaceland Dallas,Supervan,Coach-Belly
663,2021-09-25,"6,850","4,000",37.4,11:26:02,65.0,53.0,Import,profile663.csv,Spaceland Dallas,Supervan,WS
664,2021-09-25,"9,250",300,47.4,11:27:59,141.0,129.0,Import,profile664.csv,Spaceland Dallas,Supervan,Coach-Belly
665,2021-09-25,"8,450",400,80.0,11:28:19,106.0,70.0,Import,profile665.csv,Spaceland Dallas,Otter,WS
666,2021-09-25,"11,350","2,950",91.2,11:210:41,89.0,64.0,Import,profile666.csv,Spaceland Dallas,Otter,WS
667,2021-09-26,"10,700",150,109.0,11:21:310,120.0,66.0,Import,profile667.csv,Spaceland Dallas,Supervan,WS
668,2021-09-26,"3,050",500,16.6,11:22:56,166.0,116.0,Import,profile668.csv,Spaceland Dallas,Supervan,ANGLE
669,2021-09-26,"2,750","2,400",5.8,11:22:52,44.0,37.0,Import,profile669.csv,Spaceland Dallas,Supervan,WS
670,2021-09-26,"4,050","3,800",4.4,11:22:66,47.0,43.0,Import,profile670.csv,Spaceland Dallas,Supervan,WS
673,2021-09-26,"6,000","3,750",29.0,11:22:35,68.0,54.0,Import,profile673.csv,Spaceland Dallas,Supervan,WS
674,2021-09-26,"6,000","3,750",29.0,11:23:54,68.0,54.0,Manual,,Spaceland Dallas,Supervan,WS
675,2021-09-26,"6,000","3,750",29.0,11:23:23,68.0,54.0,Manual,,Spaceland Dallas,Supervan,WS
676,2021-10-03,"1,600","1,300",7.0,11:24:30,33.0,29.0,Import,profile676.csv,Spaceland Dallas,Supervan,WS
677,2021-10-03,"9,250","2,850",74.0,11:25:44,72.0,53.0,Import,profile677.csv,Spaceland Dallas,Supervan,WS
678,2021-10-03,700,200,9.0,11:25:53,35.0,33.0,Import,profile678.csv,Spaceland Dallas,Supervan,WS
679,2021-10-03,"8,000","3,050",61.0,11:36:54,74.0,56.0,Import,profile679.csv,Spaceland Dallas,Supervan,WS
680,2021-10-03,"11,850","2,750",113.0,11:38:57,88.0,57.0,Import,profile680.csv,Spaceland Dallas,Supervan,WS
681,2021-10-03,"7,850",600,94.0,11:39:21,84.0,53.0,Import,profile681.csv,Spaceland Dallas,Supervan,WS
682,2021-10-03,"13,750","2,950",110.0,12:31:11,110.0,67.0,Import,profile682.csv,Spaceland Dallas,Supervan,WS
683,2021-10-03,"13,050","3,550",115.0,12:33:16,98.0,56.0,Import,profile683.csv,Spaceland Dallas,Supervan,WS
684,2021-10-06,"13,500",0,0.0,12:33:16,0.0,0.0,Manual,profile684.csv,Spaceland Dallas,Supervan,WS
685,2021-10-09,"6,000",250,37.0,12:34:43,122.0,112.0,Import,profile685.csv,Spaceland Dallas,Otter,ANGLE
686,2021-10-09,"6,000",150,65.0,12:35:58,129.0,64.0,Import,profile686.csv,Spaceland Dallas,Otter,ANGLE
687,2021-10-09,"1,800","1,450",7.0,12:35:65,35.0,30.0,Import,profile687.csv,Spaceland Dallas,Otter,ANGLE
688,2021-10-09,"1,950","1,500",9.0,12:45:04,45.0,34.0,Import,profile688.csv,Spaceland Dallas,Otter,WS
689,2021-10-09,"3,850",200,48.0,12:46:52,60.0,48.0,Import,profile689.csv,Spaceland Dallas,Otter,WS
690,2021-10-16,"4,050","3,450",10.0,12:46:02,74.0,42.0,Import,profile690.csv,Spaceland Dallas,Supervan,WS
691,2021-10-16,"12,650","3,000",113.0,12:48:65,90.0,59.0,Import,profile691.csv,Spaceland Dallas,Supervan,WS
692,2021-10-16,"11,800","2,400",114.0,12:410:59,87.0,57.0,Import,profile692.csv,Spaceland Dallas,Supervan,WS
693,2021-10-16,"9,100","2,350",83.0,12:41:12,80.0,55.0,Import,profile693.csv,Spaceland Dallas,Supervan,WS
694,2021-10-16,"11,750","2,950",103.0,12:43:65,79.0,59.0,Import,profile694.csv,Spaceland Dallas,Supervan,WS
695,2021-10-16,"12,350","2,850",107.0,12:45:42,84.0,60.0,Import,profile695.csv,Spaceland Dallas,Supervan,WS
696,2021-10-16,"10,650","3,250",78.0,12:56:00,85.0,68.0,Import,profile696.csv,Spaceland Dallas,Supervan,WS
697,2021-10-23,"5,850","1,450",46.0,12:57:56,84.0,66.0,Import,profile697.csv,Spaceland Dallas,Otter,WS
698,2021-10-23,"5,800","1,450",49.0,12:58:45,89.0,59.0,Import,profile698.csv,Spaceland Dallas,Otter,WS
699,2021-11-06,"3,400","3,050",5.2,12:58:41,48.0,41.0,Import,profile699.csv,Spaceland Houston,Otter,WS-XRW
700,2021-11-06,"8,300","1,600",87.6,12:59:18,80.0,53.0,Import,profile700.csv,Spaceland Houston,Otter,WS-XRW
701,2021-11-06,"8,600","1,750",100.6,12:51:59,62.0,46.0,Import,profile701.csv,Spaceland Houston,Otter,WS-XRW
702,2021-11-06,"8,000","2,950",74.2,12:52:03,57.0,47.0,Import,profile702.csv,Spaceland Houston,Otter,WS-XRW
703,2021-11-06,"9,600","2,300",86.4,12:53:39,92.0,58.0,Import,profile703.csv,Spaceland Houston,Otter,WS-XRW
704,2021-11-06,"6,250","1,950",62.0,12:55:31,67.0,48.0,Import,profile704.csv,Spaceland Houston,Otter,WS-XRW
705,2021-11-07,"9,600","2,800",102.4,12:66:14,80.0,46.0,Import,profile705.csv,Spaceland Houston,Otter,WS-XRW
706,2021-11-07,"13,900","2,800",153.4,12:69:57,74.0,50.0,Import,profile706.csv,Spaceland Houston,Otter,WS-XRW
707,2021-11-07,"9,700","2,300",101.8,12:00:39,81.0,50.0,Import,profile707.csv,Spaceland Houston,Otter,WS-XRW
708,2021-11-07,"13,500","2,250",163.2,12:03:12,78.0,48.0,Import,profile708.csv,Spaceland Houston,Otter,WS-XRW
709,2021-10-04,"13,500","3,500",0.0,12:03:12,0.0,1.0,Manual,,Spaceland Dallas,Supervan,WS
710,2021-10-04,"13,500","3,500",0.0,12:03:12,0.0,1.0,Manual,,Spaceland Dallas,Supervan,WS
711,2021-11-18,"13,500","3,500",0.0,12:03:12,0.0,1.0,Manual,,Spaceland Dallas,Supervan,WS
712,2021-11-18,"13,500","3,500",0.0,12:03:12,0.0,1.0,Manual,,Spaceland Dallas,Supervan,WS
713,2021-11-18,"13,500","3,500",0.0,12:03:12,0.0,1.0,Manual,,Spaceland Dallas,Supervan,WS
714,2021-11-20,"13,500","3,500",0.0,12:03:12,0.0,1.0,Manual,,Spaceland Dallas,Supervan,WS
715,2021-11-20,"13,500","3,500",0.0,12:03:12,0.0,1.0,Manual,,Spaceland Dallas,Supervan,WS
716,2021-11-24,"13,500","3,500",0.0,12:03:12,0.0,1.0,Manual,,Spaceland Dallas,Supervan,ANGLE
717,2021-11-24,"13,500","3,500",0.0,12:03:12,0.0,1.0,Manual,,Spaceland Dallas,Supervan,WS
718,2021-11-24,"13,500","3,500",0.0,12:03:12,0.0,1.0,Manual,,Spaceland Dallas,Supervan,WS
719,2021-11-24,"13,500","3,500",0.0,12:03:12,0.0,1.0,Manual,,Spaceland Dallas,Supervan,WS
720,2021-11-24,"13,500","3,500",0.0,12:03:12,0.0,1.0,Manual,,Spaceland Dallas,Supervan,WS
721,2021-11-24,"13,500","3,500",0.0,12:03:12,0.0,1.0,Manual,,Spaceland Dallas,Supervan,WS
722,2021-11-26,"13,500","3,500",0.0,12:03:12,0.0,1.0,Manual,,Spaceland Dallas,Supervan,TRACK
723,2021-11-26,"13,500","3,500",0.0,12:03:12,0.0,1.0,Manual,,Spaceland Dallas,Supervan,WS
724,2021-11-26,"13,500","3,500",0.0,12:03:12,0.0,1.0,Manual,,Spaceland Dallas,Supervan,WS
725,2021-11-26,"13,500","3,500",0.0,12:03:12,0.0,1.0,Manual,,Spaceland Dallas,Supervan,WS
726,2021-11-26,"13,500","3,500",0.0,12:03:12,0.0,1.0,Manual,,Spaceland Dallas,Supervan,WS
727,2021-11-26,"13,500","3,500",0.0,12:03:12,0.0,1.0,Manual,,Spaceland Dallas,Supervan,WS
728,2021-11-26,"13,500","3,500",0.0,12:03:12,0.0,1.0,Manual,,Spaceland Dallas,Supervan,WS
729,2021-11-26,"13,500","3,500",0.0,12:03:12,0.0,1.0,Manual,,Spaceland Dallas,Supervan,WS
730,2021-12-09,"13,500","3,500",0.0,12:03:12,0.0,1.0,Manual,,Spaceland Dallas,Supervan,WS
731,2021-12-09,"13,500","3,500",0.0,12:03:12,0.0,1.0,Manual,,Spaceland Dallas,Supervan,BELLY
732,2021-12-09,"13,500","3,500",0.0,12:03:12,0.0,1.0,Manual,,Spaceland Dallas,Supervan,BELLY
733,2021-12-09,"13,500","3,500",0.0,12:03:12,0.0,1.0,Manual,,Spaceland Dallas,Supervan,WS
734,2021-12-09,"13,500","3,500",0.0,12:03:12,0.0,1.0,Manual,,Spaceland Dallas,Supervan,WS
735,2021-12-10,"13,500","3,500",0.0,12:03:12,0.0,1.0,Manual,,Spaceland Dallas,Supervan,ANGLE
736,2021-12-10,"13,500","3,500",0.0,12:03:12,0.0,1.0,Manual,,Spaceland Dallas,Supervan,ANGLE
737,2021-12-10,"13,500","3,500",0.0,12:03:12,0.0,1.0,Manual,,Spaceland Dallas,Supervan,WS
738,2021-12-10,"13,500","3,500",0.0,12:03:12,0.0,1.0,Manual,,Spaceland Dallas,Supervan,WS
739,2021-12-10,"13,500","3,500",0.0,12:03:12,0.0,1.0,Manual,,Spaceland Dallas,Supervan,WS
740,2021-12-10,"13,500","3,500",0.0,12:03:12,0.0,1.0,Manual,,Spaceland Dallas,Supervan,WS
741,2021-12-10,"13,500","3,500",0.0,12:03:12,0.0,1.0,Manual,,Spaceland Dallas,Supervan,WS
742,2021-12-19,"13,500","3,500",0.0,12:03:12,0.0,1.0,Manual,,Spaceland Dallas,Supervan,WS
743,2021-12-19,"13,500","3,500",0.0,12:03:12,0.0,1.0,Manual,,Spaceland Dallas,Supervan,WS
744,2021-12-19,"13,500","3,500",0.0,12:03:12,0.0,1.0,Manual,,Spaceland Dallas,Supervan,WS
745,2021-12-19,"13,500","3,500",0.0,12:03:12,0.0,1.0,Manual,,Spaceland Dallas,Supervan,WS
746,2021-12-19,"13,500","3,500",0.0,12:03:12,0.0,1.0,Manual,,Spaceland Dallas,Supervan,WS
747,2021-12-20,"13,500","3,500",0.0,12:03:12,0.0,1.0,Manual,,Spaceland Dallas,Supervan,WS
748,2021-12-20,"13,500","3,500",0.0,12:03:12,0.0,1.0,Manual,,Spaceland Dallas,Supervan,WS
749,2021-12-20,"13,500","3,500",0.0,12:03:12,0.0,1.0,Manual,,Spaceland Dallas,Supervan,WS
750,2021-12-20,"13,500","3,500",0.0,12:03:12,0.0,1.0,Manual,,Spaceland Dallas,Supervan,WS
751,2021-12-20,"13,500","3,500",0.0,12:03:12,0.0,1.0,Manual,,Spaceland Dallas,Supervan,WS
752,2021-12-25,"13,500","3,500",0.0,12:03:12,0.0,1.0,Manual,,Spaceland Dallas,Supervan,ANGLE
753,2021-12-25,"13,500","3,500",0.0,12:03:12,0.0,1.0,Manual,,Spaceland Dallas,Supervan,ANGLE
754,2021-12-25,"13,500","3,500",0.0,12:03:12,0.0,1.0,Manual,,Spaceland Dallas,Supervan,WS
755,2022-01-15,"13,500","3,500",0.0,12:03:12,0.0,1.0,Manual,,Spaceland Dallas,Supervan,WS
756,2022-01-15,"13,500","3,500",0.0,12:03:12,0.0,1.0,Manual,,Spaceland Dallas,Supervan,WS
757,2022-01-15,"13,500","3,500",0.0,12:03:12,0.0,1.0,Manual,,Spaceland Dallas,Supervan,WS
758,2022-01-15,"13,500","3,500",0.0,12:03:12,0.0,1.0,Manual,,Spaceland Dallas,Supervan,WS
759,2022-01-15,"13,500","3,500",0.0,12:03:12,0.0,1.0,Manual,,Spaceland Dallas,Supervan,WS
760,2022-01-15,"13,500","3,500",0.0,12:03:12,0.0,1.0,Manual,,Spaceland Dallas,Supervan,WS
761,2022-01-21,"13,500","3,500",0.0,12:03:12,0.0,1.0,Manual,,Spaceland Dallas,Supervan,WS
762,2022-01-21,"13,500","3,500",0.0,12:03:12,0.0,1.0,Manual,,Spaceland Dallas,Supervan,WS
763,2022-01-21,"13,500","3,500",0.0,12:03:12,0.0,1.0,Manual,,Spaceland Dallas,Supervan,WS
764,2022-01-21,"13,500","3,500",0.0,12:03:12,0.0,1.0,Manual,,Spaceland Dallas,Supervan,WS
765,2022-01-21,"13,500","3,500",0.0,12:03:12,0.0,1.0,Manual,,Spaceland Dallas,Supervan,WS
766,2022-01-22,"13,500","3,500",0.0,12:03:12,0.0,1.0,Manual,,Spaceland Dallas,Supervan,Coach-Belly
767,2022-01-22,"13,500","3,500",0.0,12:03:12,0.0,1.0,Manual,,Spaceland Dallas,Supervan,WS
768,2022-01-22,"13,500","3,500",0.0,12:03:12,0.0,1.0,Manual,,Spaceland Dallas,Supervan,WS
769,2022-01-28,"13,500","3,500",0.0,12:03:12,0.0,1.0,Manual,,Spaceland Dallas,Supervan,WS
770,2022-01-28,"13,500","3,500",0.0,12:03:12,0.0,1.0,Manual,,Spaceland Dallas,Supervan,WS
771,2022-03-19,"13,500","3,500",0.0,12:03:12,0.0,1.0,Manual,,Spaceland Dallas,Supervan,WS
772,2022-03-19,"13,500","3,500",0.0,12:03:12,0.0,1.0,Manual,,Spaceland Dallas,Supervan,WS
773,2022-03-19,"13,500","3,500",0.0,12:03:12,0.0,1.0,Manual,,Spaceland Dallas,Supervan,WS
774,2022-03-19,"13,500","3,500",0.0,12:03:12,0.0,1.0,Manual,,Spaceland Dallas,Supervan,WS
775,2022-03-19,"13,500","3,500",0.0,12:03:12,0.0,1.0,Manual,,Spaceland Dallas,Supervan,WS
776,2022-03-20,"13,500","3,500",0.0,12:03:12,0.0,1.0,Manual,,Spaceland Dallas,Supervan,WS
777,2022-03-20,"13,500","3,500",0.0,12:03:12,0.0,1.0,Manual,,Spaceland Dallas,Supervan,ANGLE
